dataset,query_id,level,predicted_variance_ratio,predicted_relative_variance,empirical_relative_variance,mean_relative_error,ordering_spearman
amazon,0,0.0,0.1784071129741228,0.002484725982717,0.00263785136172,0.0407895935713717,0.9999999723638131
amazon,0,0.25,0.5297959888564863,0.0073786175736273996,0.007623641036366801,0.06995351230742233,0.7549819998604377
amazon,0,0.5,0.8379722863538438,0.01167067544555932,0.011726026886217,0.08646245341840995,0.4731706559886583
amazon,0,0.75,0.9479802318905491,0.013202787007837818,0.01273808719178624,0.0900080140538159,0.2658917025342154
amazon,0,1.0,1.0004195545774177,0.013933124186799078,0.01383354719115532,0.09396663803701234,0.03839831898285934
amazon,1,0.0,0.2883557825418943,0.0045058669009771,0.0043034716868499,0.0526314859953416,0.9999999723638131
amazon,1,0.25,0.6217976537756036,0.009716252063874161,0.009885861899665501,0.07910790716864434,0.7500655405995167
amazon,1,0.5,0.8604983418196703,0.01344620511013212,0.013148895837730759,0.0915612447567413,0.49683727697884905
amazon,1,0.75,0.9735997686432627,0.015213535631772222,0.014863782809711701,0.09746801670784885,0.23346145868862153
amazon,1,1.0,1.0023295722658396,0.0156624694803443,0.0153102810471475,0.09932919201813403,-0.021190613921775316
amazon,2,0.0,0.1594408893880324,0.0018118508513963003,0.0017682443262103,0.033331066540822,0.9999999815758756
amazon,2,0.25,0.5287754732895147,0.006008887024867781,0.00601255996721712,0.06171903879248249,0.7424001177080471
amazon,2,0.5,0.7856132453278861,0.00892753441654122,0.00916367807586006,0.07635453820294942,0.49422616125092295
amazon,2,0.75,0.9423224508293485,0.01070834301902248,0.010782635339749061,0.08330331504924651,0.25467525518287665
amazon,2,1.0,1.0008817516899116,0.01137379790659006,0.01101060383268948,0.08423113882625358,0.01216641118854336
amazon,3,0.0,0.20159076718109786,2.491862297104531e-06,2.58720460433578e-06,0.0012809216119375,0.9999999723638131
amazon,3,0.25,0.5710156606797236,7.058321250525281e-06,6.974711341898094e-06,0.0021040206814566,0.7487392984047244
amazon,3,0.5,0.808984143889738,9.999848283246395e-06,1.010581974888148e-05,0.00252476095413534,0.4946865146691731
amazon,3,0.75,0.9591906720379588,1.185655030142601e-05,1.1902795521911773e-05,0.00274118167269394,0.25574052199690805
amazon,3,1.0,1.0016628497551645,1.2381548642418245e-05,1.2134703857860736e-05,0.0027911183408131,-0.0039961042188251805
amazon,4,0.0,0.1764481493765184,0.0023795708127609,0.0024931661697278,0.0404694037456258,0.9999999815758756
amazon,4,0.25,0.5225270653813643,0.00704677355955638,0.00699477945085184,0.06686217522899862,0.7588132122271409
amazon,4,0.5,0.795019721829789,0.01072159573404532,0.010577021739260738,0.08171593567665995,0.4706846881872602
amazon,4,0.75,0.9567800824407536,0.012903087770837141,0.013016890605057901,0.09060632565711127,0.23434127112788788
amazon,4,1.0,0.9939924391960828,0.01340493173078752,0.01302766548202986,0.09077087600424207,-0.02073809511833842
amazon,5,0.0,0.3612574150704814,0.0068430727677217,0.006620673752067001,0.0646855176057088,0.9999999723638131
amazon,5,0.25,0.6095942225514379,0.011547161247578461,0.011346132695911079,0.08518772279952742,0.7586174960555103
amazon,5,0.5,0.8096662917105707,0.0153370010430536,0.0151251388749339,0.09784080968538687,0.5137246602073222
amazon,5,0.75,0.9577549264812616,0.01814215122553692,0.01813842576533266,0.10704803165820642,0.2767520423718021
amazon,5,1.0,1.001908916960524,0.018978532590265263,0.0191569246390851,0.11008812459230069,-0.014559631406960599
amazon,6,0.0,0.21430465300601229,0.0033358078403113002,0.0032658819583386,0.0462222205138473,0.9999999723638131
amazon,6,0.25,0.5570483074355881,0.00867086218293002,0.00881839630250536,0.07485645126715888,0.767108209720891
amazon,6,0.5,0.767154732790174,0.01194132155544742,0.0117166611317389,0.08648096997102975,0.5175624385526655
amazon,6,0.75,0.9460148328461839,0.014725409141585679,0.014670572378702559,0.09652211572035549,0.2543565938675762
amazon,6,1.0,0.9991925426263837,0.01555315888348984,0.015171432575435758,0.09918874864985054,0.007512558459172041
amazon,7,0.0,0.300760172909142,0.0037109367001237,0.0038048202388507,0.0502320251787548,0.9999999723638131
amazon,7,0.25,0.6205176236010173,0.00765627177369054,0.0080274092960181,0.07208314541767218,0.7469704424069924
amazon,7,0.5,0.8416793821170456,0.01038508150405654,0.010268039836033579,0.08109513452606491,0.496697459981074
amazon,7,0.75,0.9559573818118581,0.01179510337956704,0.01174134433442146,0.08618836103605601,0.243570650645662
amazon,7,1.0,1.0021297267365747,0.01236480197913414,0.012665045646814721,0.08958001521098637,0.01639281339378592
amazon,8,0.0,0.1166027840669543,0.001113934040595,0.0011402432455045,0.027399627076884696,0.9999999723638131
amazon,8,0.25,0.5022993079023648,0.0047985843744390395,0.00459944350064906,0.053676848752306716,0.7524893816011626
amazon,8,0.5,0.8068694351310643,0.00770821500790316,0.007673667801493001,0.06985638150870088,0.4998833117272089
amazon,8,0.75,0.9611199879669456,0.00918180710915032,0.008830565684445079,0.07477192166828484,0.2371658390012467
amazon,8,1.0,1.000734659036911,0.009560255453801101,0.009142692299999361,0.07596746434990112,-0.00917884366968954
amazon,9,0.0,0.1395252273630556,0.0010872353125325,0.0010665126838464,0.026370499146541704,0.9999999723638131
amazon,9,0.25,0.5264256103438607,0.0041021148920834605,0.00423839287629728,0.0521805641678848,0.7596851777686224
amazon,9,0.5,0.7785636561348899,0.00606687346799056,0.00614665315401244,0.0626460673319461,0.49608025548733786
amazon,9,0.75,0.9521009630252255,0.00741914424839944,0.00757393033787702,0.0694837011997941,0.23287351170496168
amazon,9,1.0,0.9999552971104974,0.00779204399462136,0.00806075009194974,0.07212185902784693,0.0157211103390891
amazon,10,0.0,0.0933075501816761,0.00073591402324,0.0006943310401801,0.0213829232598694,0.9999999723638131
amazon,10,0.25,0.4895717018383207,0.00386123823916512,0.0038000130635129797,0.04914258286697354,0.7524323920985381
amazon,10,0.5,0.7545795740712673,0.00595134787193872,0.00598024201149128,0.06188120765056212,0.5188827739730683
amazon,10,0.75,0.9457804246917949,0.007459343601685179,0.007463311040610999,0.06908096769498326,0.26234212171759835
amazon,10,1.0,0.9974005245122518,0.00786646987672894,0.008084797383789342,0.07209341084884806,0.012300362057081158
amazon,11,0.0,0.0694453515646815,0.000542692555164,0.0005451921497275,0.0189431657377981,0.9999999723638131
amazon,11,0.25,0.4561013944823367,0.00356428221052262,0.00351643069697996,0.047146072795478555,0.7750275175817971
amazon,11,0.5,0.77817175038053,0.0060811559889234,0.00615167898827676,0.0624833509149648,0.5024733936063223
amazon,11,0.75,0.9569161506794843,0.0074779846194063,0.00764433291240246,0.06985096488754962,0.23975216972856436
amazon,11,1.0,0.9995174203498924,0.007810899513920599,0.00771091420829646,0.07017546066841238,0.026481620899221636
amazon,12,0.0,0.3209290762721267,0.0035754434396845004,0.0038385151489291,0.049480978579158,0.9999999723638131
amazon,12,0.25,0.6518827145074175,0.00726256966836174,0.007393090426821359,0.06845290901513706,0.7546136094863979
amazon,12,0.5,0.8224690039781661,0.0091630569556873,0.00902014355642852,0.07573194011595678,0.5137340344019865
amazon,12,0.75,0.9606282709170273,0.01070227755341626,0.01039624630431582,0.08181115067159137,0.2518648710207634
amazon,12,1.0,1.0018002108460309,0.01116097062114384,0.01102853370832554,0.08393646763871268,0.014704124447592878
amazon,13,0.0,0.1470908236055124,0.0013977900728619,0.0013795213130414,0.0297275524845394,0.9999999723638131
amazon,13,0.25,0.5055729354133918,0.00480441140314626,0.00472104087888324,0.0547523132501768,0.760956707682607
amazon,13,0.5,0.7868854854814037,0.00747769774567922,0.007214604739016681,0.06785022284403476,0.5077980798837809
amazon,13,0.75,0.9358003726689212,0.00889282172085196,0.00884442228852304,0.07497951816440065,0.26213790134940596
amazon,13,1.0,1.0009301767252299,0.0095117440392252,0.00968380862537784,0.07866000456739522,-0.00547676637265602
amazon,14,0.0,0.0897020470556947,0.0008564034755110999,0.0008732547354203,0.0237193186302165,0.9999999815758756
amazon,14,0.25,0.4608522839499735,0.0043998493972711005,0.00444880490635462,0.05317882431666594,0.7655910238991664
amazon,14,0.5,0.788594805251529,0.00752887313227186,0.00753872624195494,0.06976363679134376,0.4757358093293245
amazon,14,0.75,0.9446028379641417,0.009018313181948501,0.00929716135606712,0.07634710971653921,0.21849729781655886
amazon,14,1.0,1.0027337829037006,0.009573300999005479,0.00977360501534788,0.07850239277292244,0.01896868272833942
amazon,15,0.0,0.2316097128271264,0.0029413681813454,0.0030411868544085,0.0445549847066277,0.9999999723638131
amazon,15,0.25,0.5730980304569366,0.0072781589813375,0.0074879322385392,0.06887950496591047,0.7592506079385412
amazon,15,0.5,0.815243156383417,0.0103533234896569,0.01013296840751442,0.08125139905058573,0.4809157784895122
amazon,15,0.75,0.9624706375985668,0.012223064716740539,0.0121498870399635,0.08796412490745606,0.2393214542253773
amazon,15,1.0,1.0030623838447643,0.01273856671955562,0.012374218794322382,0.0886435540788766,-0.01900227008246866
amazon,16,0.0,0.2723328033570126,0.0034187995662233,0.0035256495737231,0.0473891767584288,0.9999999723638131
amazon,16,0.25,0.5965403465637359,0.007488821959480241,0.00775489363774654,0.07039479322469641,0.7537340233475118
amazon,16,0.5,0.8394205739210829,0.010537881072806999,0.010568357505864259,0.08179700903696432,0.46286182021600925
amazon,16,0.75,0.9470358165215378,0.01188885657111724,0.011814193169155319,0.08659921433279463,0.2732761801630674
amazon,16,1.0,1.0006086444414772,0.01256139678146398,0.012481059881321,0.08914205623746686,0.006844890287791739
amazon,17,0.0,0.0856222187094136,0.0006282634573474,0.0006059433079315,0.019666719764553,0.9999999723638131
amazon,17,0.25,0.4844602657646801,0.00355478620041086,0.00342762725557412,0.0465981520326572,0.7512936927542296
amazon,17,0.5,0.7644606239075266,0.0056093229283409405,0.00564429687142786,0.05977689628035424,0.5038926555220673
amazon,17,0.75,0.9505968384617225,0.00697512007137306,0.007115999812069821,0.06721020761132546,0.22964606565482915
amazon,17,1.0,0.9990541591403794,0.00733068156326442,0.0073219430245296,0.068491251863287,0.02010574618511224
amazon,18,0.0,0.3873655565393594,0.0072542538888203,0.0073451362271321,0.0701895618333094,0.9999999723638131
amazon,18,0.25,0.679131698182897,0.0127182029465334,0.012646721392962978,0.0901452318601973,0.760225144646652
amazon,18,0.5,0.8748888520444424,0.016384177039199598,0.01609736423030604,0.10135604995805281,0.49722139418576095
amazon,18,0.75,0.9610490598114587,0.01799771239799432,0.018409499977622416,0.10813777912564167,0.27839166050418085
amazon,18,1.0,0.9992062962887605,0.018712288788252117,0.01907428932903246,0.11020327631886691,-0.005845433108566681
amazon,19,0.0,0.2982551785231371,0.0035031899613265,0.0033381326895718004,0.045689909023955,0.9999999723638131
amazon,19,0.25,0.5917946383303498,0.006950990914663819,0.0065735843187781,0.06436922012966778,0.7508412257293826
amazon,19,0.5,0.8015440516350498,0.009414626391913919,0.009572867412636622,0.0783404886387966,0.48446630630614057
amazon,19,0.75,0.9466530100623934,0.0111190200892116,0.011196754900577841,0.08474144804163439,0.24168463932357676
amazon,19,1.0,0.9986162517940684,0.011729360227122279,0.01176335839554234,0.0868264777062638,-0.0015837561861877195
amazon,20,0.0,0.3043384042728165,0.0046106530005256,0.0047888378755304,0.05568345580206831,0.9999999723638131
amazon,20,0.25,0.6103485982115858,0.00924663320895982,0.00947716015253818,0.07800430414603629,0.7565048606295572
amazon,20,0.5,0.845114642080579,0.01280328182572724,0.01269764468028208,0.09058608053994079,0.4939669494232445
amazon,20,0.75,0.9646810462146641,0.01461468384480566,0.01404378262247202,0.09449267625318208,0.25085718194260753
amazon,20,1.0,1.004123030433392,0.015212220338168301,0.015089468643759759,0.09785451251619301,0.011812940782790379
amazon,21,0.0,0.2816137696355366,0.0046283902376505,0.004933496954325,0.05586761888815099,0.9999999723638131
amazon,21,0.25,0.5809608260255728,0.00954823132091196,0.00994843189051522,0.0800860629106845,0.7603572124575644
amazon,21,0.5,0.8239122373108747,0.013541196372555561,0.01333600697214796,0.09288878028483752,0.5008229899913248
amazon,21,0.75,0.9330388739539373,0.015334718970403161,0.01533879898593398,0.09892202796491276,0.26632608812304925
amazon,21,1.0,1.0035083942969565,0.01649290253660326,0.016768748606109617,0.10373652776317381,0.004248780035065719
amazon,22,0.0,0.1034459706095647,0.0008341182750929001,0.0008370305120588,0.0233031971390294,0.9999999815758756
amazon,22,0.25,0.5065897041411063,0.004084796417956981,0.004169784913326599,0.05135196197651294,0.7424672183697071
amazon,22,0.5,0.7786232569613418,0.0062782908238652405,0.0063369683798376,0.06358968922790464,0.4999226057799464
amazon,22,0.75,0.9546346346400248,0.00769752741549818,0.00777860674297428,0.07006059643062654,0.25391857270223117
amazon,22,1.0,0.9982944848175354,0.00804957089004136,0.00810069598720564,0.07195720005492659,0.007726709359416559
amazon,23,0.0,0.1244963483053005,0.001421923445601,0.0014276963927265,0.0302399330271803,0.9999999815758756
amazon,23,0.25,0.5119323977101983,0.0058469881950418395,0.00606403233268996,0.06196460956042538,0.7508977771901711
amazon,23,0.5,0.776675628668885,0.00887072834717216,0.008728482711112399,0.07426598644142332,0.5088492673177052
amazon,23,0.75,0.9395427254034425,0.01073089972180508,0.011387655040421241,0.08521005124369582,0.26788133235088535
amazon,23,1.0,1.0002965901293999,0.01142479432868038,0.01103079831663972,0.08435556979515918,-0.013147131023880359
amazon,24,0.0,0.23580311026126083,0.003006147129063,0.0030293332838729,0.0441365852207964,0.9999999723638131
amazon,24,0.25,0.5738384739135632,0.00731560698665044,0.007255433508315881,0.0680531608059332,0.739780571438047
amazon,24,0.5,0.8109312631294078,0.01033819564900136,0.01042919273768738,0.08134868746981165,0.5001991012251354
amazon,24,0.75,0.9599112563096346,0.01223747415423552,0.0121613183466625,0.08872864463405263,0.2380095202058528
amazon,24,1.0,1.003588014184309,0.01279428937243286,0.012501900980721858,0.08940353373682094,0.0117264726805927
amazon,25,0.0,0.198390301257156,0.0019370527133485,0.0020033324967322,0.0356122099887126,0.9999999723638131
amazon,25,0.25,0.5349802415861841,0.0052234656734008,0.0055054052248396605,0.059530540812282685,0.7587580537030998
amazon,25,0.5,0.7678478911683685,0.007497149969537781,0.00751466340537226,0.06937030293535647,0.5242573933133787
amazon,25,0.75,0.9400002855023255,0.009178019752188099,0.00919200162147306,0.07680137553947158,0.28000017871401
amazon,25,1.0,0.9991299896158594,0.009755353185661519,0.00993340496774508,0.07912814253204324,-0.0034238214260134403
amazon,26,0.0,0.3681520358485877,0.0047633513923981,0.0046250963449282,0.0543221988141125,0.9999999723638131
amazon,26,0.25,0.6383793766546354,0.00825969978858604,0.00820797376702392,0.0719885931198678,0.7578378534236518
amazon,26,0.5,0.8561900258331437,0.01107785250272802,0.01081371524995528,0.08263563262248412,0.48211531060886453
amazon,26,0.75,0.9564607404865655,0.0123752095773948,0.0126888414453903,0.08965396901109138,0.2566093852951995
amazon,26,1.0,1.0008967144430376,0.012950146391013781,0.0131875970298242,0.09161814064748422,-0.01119353276373616
amazon,27,0.0,0.1670319755810754,0.0018737077917439,0.0018320117099346,0.0337958941597228,0.9999999723638131
amazon,27,0.25,0.501178414795594,0.00562204869809846,0.00579915648552936,0.060421373022945826,0.7558669032017217
amazon,27,0.5,0.80177637194141,0.00899405416308236,0.0090943560595058,0.07588871783024606,0.4918922050522177
amazon,27,0.75,0.9536545013826612,0.01069777127197474,0.01069632532070584,0.0822073200910005,0.24469989841398232
amazon,27,1.0,1.0016856601778266,0.01123656844639548,0.011386478209855999,0.0855207045893541,0.01826311262229876
amazon,28,0.0,0.20377748078354424,0.0019533165423785,0.0018736757443590002,0.0347244420239354,0.9999999723638131
amazon,28,0.25,0.5488154374388009,0.00526069057552346,0.0052538852994971404,0.057734623917015684,0.7467560408674726
amazon,28,0.5,0.8130606478879547,0.0077936227662148,0.007608208399100961,0.06981629521433771,0.4925505579861328
amazon,28,0.75,0.9585607155457379,0.009188319020091,0.00905228664079718,0.07601103076908472,0.2257663171533438
amazon,28,1.0,1.002065306675094,0.009605333879611499,0.00946736895268,0.07787949869638502,-0.0066939414338529
amazon,29,0.0,0.1904112323445586,0.0029364998358801,0.0028047901811775,0.0424195614501167,0.9999999723638131
amazon,29,0.25,0.5011856426836244,0.00772922657641732,0.007661712994657061,0.07010224259932046,0.7518087170521957
amazon,29,0.5,0.7637682350387885,0.0117787447159808,0.011864364368137561,0.08767001725356857,0.4894282547310276
amazon,29,0.75,0.9465633882353777,0.014597790266771321,0.01401088981085818,0.09463135141347065,0.2558331474415916
amazon,29,1.0,1.000937773096381,0.015436345693645982,0.01558932132215184,0.10017090582927776,-0.0037213636708041792
amazon,30,0.0,0.2531206776767218,0.0029639375796216,0.0027177736060951,0.041766406945902,0.9999999723638131
amazon,30,0.25,0.5978146950367186,0.007000160779169361,0.00683352516013362,0.06598090384339887,0.7553698903280949
amazon,30,0.5,0.8102364556907876,0.009487531012651821,0.0092022885347506,0.07638398566321945,0.5223170234536807
amazon,30,0.75,0.9614626063323014,0.0112583261725809,0.01121634251289232,0.08454437331595566,0.26650926077114645
amazon,30,1.0,1.001545343853279,0.01172767831371364,0.011451415941382739,0.08558892045056626,0.02496556231695346
amazon,31,0.0,0.3726382523100285,0.0057054081505457,0.0053383128759939,0.05922092727970331,0.9999999723638131
amazon,31,0.25,0.6267779668493156,0.009596503038741561,0.00930470279347192,0.07712703868448846,0.7569731171293006
amazon,31,0.5,0.830101653975157,0.012709561385638399,0.01247659633905204,0.08936963680402597,0.5148447806642498
amazon,31,0.75,0.9707672509414639,0.014863271152303039,0.014890889189113498,0.09705889862399211,0.2462082114942127
amazon,31,1.0,0.9972920022317705,0.01526938762388042,0.015062025605797719,0.09827772728823136,-0.00304246415298656
amazon,32,0.0,0.1372583913335419,0.001274475695483,0.0013056245810474,0.0288828024318764,0.9999999723638131
amazon,32,0.25,0.5399263738660262,0.00501334041698302,0.00528989695078084,0.057895160527672886,0.7468221024091158
amazon,32,0.5,0.7541813237810933,0.0070027468470797395,0.00657884764288322,0.0645473556130022,0.515986394705091
amazon,32,0.75,0.9366179014625361,0.00869671238144982,0.00860812446690206,0.07391663275593016,0.2608484373924061
amazon,32,1.0,1.0009899073968085,0.009294421244533859,0.009104694182413539,0.07600886753945796,-0.02140009253516644
amazon,33,0.0,0.1743564851920219,0.0023223960160037,0.0023360076999661,0.0386214273140518,0.9999999723638131
amazon,33,0.25,0.5359363714535368,0.00713857297894276,0.00716099154105318,0.06735302469127456,0.7482164033206724
amazon,33,0.5,0.807663903107343,0.010757933258294241,0.0111290509378544,0.0844923120971966,0.4989541831169154
amazon,33,0.75,0.9493341029873706,0.01264495402167726,0.01274198243170858,0.09058192377431891,0.23709548095371566
amazon,33,1.0,0.9968020664985989,0.013277218483907541,0.0138498800671579,0.09423143952645077,-0.002678429242033839
amazon,34,0.0,0.2671320244868198,0.0039869992943963,0.0037402507835924996,0.0493820251302937,0.9999999723638131
amazon,34,0.25,0.6002021394842978,0.0089581378766406,0.00887605496644258,0.07533853444417866,0.7491215842536378
amazon,34,0.5,0.8073346917814375,0.01204963295830184,0.01270879302480828,0.09051828206325588,0.5147341364255772
amazon,34,0.75,0.9492463564097232,0.01416769314905034,0.01431425978972252,0.09472151215718441,0.2440183495070281
amazon,34,1.0,1.001556895376629,0.014948438484062878,0.015160041041533378,0.09838414449195042,0.01612157342946424
amazon,35,0.0,0.1633359802922519,0.0017441828151131,0.0017431974402311,0.0334869016594972,0.9999999723638131
amazon,35,0.25,0.5345789652854085,0.00570850000657196,0.00570827341085188,0.06034797606259804,0.7613112246907227
amazon,35,0.5,0.7768799703748788,0.00829591062121736,0.00812641848584606,0.07200525999218274,0.523764227396996
amazon,35,0.75,0.9481786213299838,0.010125122793044821,0.01015532547686686,0.08008264969001488,0.2592501998441781
amazon,35,1.0,0.9999171765303949,0.010677612812071061,0.01038541201675656,0.0812080483150303,-0.02500467673376198
amazon,36,0.0,0.0899810284686725,0.0007605366162682,0.0007607944199686,0.0223214360385121,0.9999999723638131
amazon,36,0.25,0.4710674960723719,0.00398155128468612,0.00410919838768558,0.05115292009591558,0.7417751266485852
amazon,36,0.5,0.7633104619011281,0.00645164392690316,0.0065773939122479004,0.06452724209032909,0.4965352355627985
amazon,36,0.75,0.9322504131236885,0.007879556243998501,0.0076980516133636,0.06980213717352099,0.24986208391129433
amazon,36,1.0,1.001092873653106,0.00846142569890088,0.008481553186979419,0.07368393127594688,-0.014102971051324308
amazon,37,0.0,0.1751472408533212,0.0018431106427788003,0.0018753466281585002,0.0349852522207972,0.9999999723638131
amazon,37,0.25,0.5594053757305358,0.0058867384756584,0.00596524097381226,0.061554860296833956,0.7501303529855031
amazon,37,0.5,0.7694735033054574,0.00809732883240984,0.0077199207088679,0.07055305664619478,0.49636214459575534
amazon,37,0.75,0.9568210421973642,0.01006882573494614,0.00990812854451258,0.07981575001887974,0.23409426473118172
amazon,37,1.0,0.998214594336156,0.0105044186459034,0.01060409909886686,0.08243848127163977,0.006705721819207283
amazon,38,0.0,0.1416117015356744,0.0013470898698833,0.0013281402378305,0.0293706682091542,0.9999999723638131
amazon,38,0.25,0.5015953660013401,0.0047714562355611004,0.00474482212787218,0.05528617416922221,0.7489962412482531
amazon,38,0.5,0.7417491995904749,0.00705593409249914,0.0069490987264662005,0.06663049938249614,0.5070757252253675
amazon,38,0.75,0.9387826800687247,0.00893022698427146,0.00899206043997186,0.07558084707776107,0.2570487232887616
amazon,38,1.0,1.001829519551569,0.00952996385540924,0.00977993747535362,0.07891831102562234,0.0227175279983363
amazon,39,0.0,0.180992634192461,0.0024659523017762,0.0023458655349296,0.0385301958976424,0.9999999815758756
amazon,39,0.25,0.550811965751811,0.00750459288496364,0.00741926059653498,0.06849563375145709,0.7459839047216297
amazon,39,0.5,0.8225007404540282,0.0112062438517719,0.0112046526801564,0.08490057034241802,0.505168267253276
amazon,39,0.75,0.9524162280387947,0.01297629044552098,0.01235756522733702,0.08898635720785678,0.2666453683786713
amazon,39,1.0,0.9991090747459328,0.01361246181971904,0.01359195607172608,0.09288929681436373,-0.008142755570658421
amazon,40,0.0,0.257623873020709,0.0033725777631779,0.0034571615785793,0.0462023128841671,0.9999999723638131
amazon,40,0.25,0.5576669187383325,0.00730046880882676,0.00725015743393848,0.06811334164844686,0.7561519870533678
amazon,40,0.5,0.8318866345791192,0.01089030427331902,0.01072184300328642,0.08225440944768586,0.479383141879809
amazon,40,0.75,0.9403449807565103,0.01231014243606382,0.012751777605560118,0.08952165785101203,0.2875409039750741
amazon,40,1.0,0.997920341727004,0.013063866770067661,0.01314188240362402,0.09186762350794057,-0.03365504649443026
amazon,41,0.0,0.1871323764674868,0.0020324186063074,0.0020407069576862,0.035593965113783,0.9999999723638131
amazon,41,0.25,0.49469340364432235,0.00537279596916218,0.005428454520802819,0.05869636414142476,0.764716065583436
amazon,41,0.5,0.7576550808422192,0.008228786020545201,0.0082117478420153,0.07194186796470196,0.5343579848889937
amazon,41,0.75,0.9457732915579043,0.0102719116349428,0.0100304033700481,0.08030097903989027,0.2739057398748496
amazon,41,1.0,0.9974908935638579,0.010833609287560182,0.01092024681794064,0.08338576750347917,0.01876466151543496
amazon,42,0.0,0.337216507875004,0.0030088101087744,0.0029876489196268,0.0436851550044467,0.9999999723638131
amazon,42,0.25,0.6710728632906964,0.0059876392989089795,0.00608351852851166,0.06248317120827048,0.7480095740964179
amazon,42,0.5,0.8303857369390562,0.0074091064379636805,0.007193164959774239,0.06782727180583745,0.5205153983076982
amazon,42,0.75,0.969958481734929,0.0086544425221831,0.00840646069324542,0.07312460109954354,0.25409001152198707
amazon,42,1.0,1.000792468935448,0.00892955839052348,0.00902257742769648,0.07583031698027012,-0.02069133488080626
amazon,43,0.0,0.1203168211662385,0.0009358583273952999,0.0009004907428565,0.0240935129576951,0.9999999723638131
amazon,43,0.25,0.495992594098694,0.00385797093884612,0.0037712509272637405,0.0492077947278313,0.7483994248909467
amazon,43,0.5,0.7636904937124228,0.0059402010555612,0.00599747510335952,0.06218075903669388,0.5066499068545346
amazon,43,0.75,0.9217509902235269,0.007169640384645399,0.007139862122311219,0.06772754052001462,0.2752239712602079
amazon,43,1.0,0.9986816035469713,0.0077680284937436395,0.008077338349687279,0.07129778056177152,-0.005850496058043381
amazon,44,0.0,0.1742231110582596,0.0022054887660174,0.0021854715091118,0.037622013186059,0.9999999723638131
amazon,44,0.25,0.5381024375943425,0.006811833825444901,0.0071580753707138,0.06775801627761958,0.7453896119718124
amazon,44,0.5,0.8532259203306254,0.01080097910509006,0.01088342958053708,0.08358691317566302,0.47820206336378934
amazon,44,0.75,0.9571383913447644,0.0121164061232321,0.01215178591302808,0.087724565164807,0.2641684646693227
amazon,44,1.0,1.0000814066255141,0.012660021360070179,0.01249046126296224,0.0890297757449304,0.04023765462734558
amazon,45,0.0,0.3320544622158326,0.0032233163782601,0.003007692891015,0.0439522599237454,0.9999999723638131
amazon,45,0.25,0.6195057891165316,0.0060136615637116,0.0058171470819324,0.06073823601803026,0.7572912980786175
amazon,45,0.5,0.8297338440912894,0.00805438563122754,0.0078874477486277,0.07108129857161535,0.49869250527333014
amazon,45,0.75,0.9493789148771661,0.00921580329045338,0.009386149027025639,0.07756019087102808,0.2588448617303985
amazon,45,1.0,1.0000172253246755,0.0097073590862818,0.00977696153249066,0.07881722025154758,-0.012380639653368502
amazon,46,0.0,0.2998206957210499,0.0042763236548048,0.0041689237072899,0.05221520542550699,0.9999999723638131
amazon,46,0.25,0.6303692248707924,0.00899091645789522,0.00895741970202516,0.07599520659074595,0.7213081128560551
amazon,46,0.5,0.8445567397861161,0.01204585946105754,0.01185162310329606,0.08669201071603182,0.47378715668082966
amazon,46,0.75,0.9603455448039953,0.01369734787705476,0.01373729135140768,0.09373999588943718,0.2187008458745967
amazon,46,1.0,0.9940194794987598,0.0141776370817051,0.01406967761179854,0.09485527806131722,-0.01915157550448132
amazon,47,0.0,0.1010850352304978,0.0010472551680442,0.0010328544188419,0.026083891917813,0.9999999723638131
amazon,47,0.25,0.4664556478639489,0.004832546051698699,0.00505320610055602,0.056765449790454704,0.7794164388792332
amazon,47,0.5,0.7745320359665107,0.008024260719029461,0.00789735432294968,0.07059572176216572,0.5081674393667814
amazon,47,0.75,0.9328995807251002,0.00966497073432244,0.00976527704376028,0.07878391608654625,0.2494738360156173
amazon,47,1.0,1.0002767785701792,0.01036300797089958,0.0101930512272128,0.08055038726654572,0.0081727280117859
amazon,48,0.0,0.2811828001667184,0.0033854029978206994,0.0032266942602555,0.0450530653568281,0.9999999723638131
amazon,48,0.25,0.6053561480165468,0.007288406392671559,0.00699075108343678,0.06637159364876352,0.7561775671081474
amazon,48,0.5,0.8225118637033877,0.009902931927107662,0.00991429104064444,0.0790955685616144,0.5054205018593398
amazon,48,0.75,0.9479217529089234,0.011412850082204839,0.011403187727030719,0.08543330540016786,0.2668897815889104
amazon,48,1.0,1.0029290518435559,0.0120751305439006,0.01217811359909278,0.08771805424486437,-0.018141450757035778
amazon,49,0.0,0.2797907490815963,0.002680225887392,0.0028138540174824,0.0426120805798525,0.9999999723638131
amazon,49,0.25,0.6153342865970244,0.00589452971462002,0.00603140389468112,0.06176502176940808,0.728685968854478
amazon,49,0.5,0.8448328067697384,0.0080929865145827,0.00805604540437824,0.07200098859541501,0.48312805158202227
amazon,49,0.75,0.9601784280829516,0.00919792769385964,0.009146166619043999,0.07565811682594317,0.22115796821516068
amazon,49,1.0,1.0026250528056742,0.00960454064581638,0.0096077390665466,0.07833794595724072,-0.01611431800914432
amazon,50,0.0,0.277143067292693,0.0055302563663306,0.0056792174314043,0.0608796417527098,0.9999999723638131
amazon,50,0.25,0.5497476695010485,0.010969949848764479,0.01079308118872568,0.08291531670803629,0.7728132215203913
amazon,50,0.5,0.8085581548706932,0.01613438837638246,0.01597864373957082,0.10059260932678868,0.4966791943038135
amazon,50,0.75,0.9642232970370429,0.01924061128100252,0.01942934988337346,0.11112315364320488,0.2635005385601962
amazon,50,1.0,1.0005220677566857,0.01996493576013616,0.0198528455771701,0.11167665988781286,-0.0171259756437677
amazon,51,0.0,0.186045791862305,0.0022642626492757,0.0023942368655588,0.039256692749258,0.9999999723638131
amazon,51,0.25,0.5331849716461252,0.006489105743101039,0.00657558578336796,0.0646983962159885,0.7564835586565408
amazon,51,0.5,0.8036847827472426,0.0097812125560609,0.009736567413114159,0.07828057635804633,0.49324151793600085
amazon,51,0.75,0.953630679735937,0.011606122921219462,0.01206773701246612,0.08788225081123584,0.25152522965095736
amazon,51,1.0,0.9970138661890378,0.01213411620560948,0.0117302063688572,0.08689616913281803,-0.00451595195264634
amazon,52,0.0,0.1557294215718863,0.0018340148440019002,0.0018712852886239,0.0346948980003447,0.9999999723638131
amazon,52,0.25,0.5066185546443563,0.00596641238428818,0.00593370941147632,0.06190924870603508,0.7592227948798439
amazon,52,0.5,0.8131785438942678,0.00957674860198142,0.00939399564994802,0.07697985057380852,0.4915033675845491
amazon,52,0.75,0.9462267419496009,0.0111436482137452,0.011129722192140801,0.08425155593856948,0.24214394538352474
amazon,52,1.0,1.0047969757131208,0.01183342588744814,0.01162314308840758,0.08640367632617844,-0.013388490863821939
amazon,53,0.0,0.22919365038025213,0.0039937170539765,0.0038120567496164,0.0495564288220702,0.9999999815758756
amazon,53,0.25,0.551476886147599,0.00960952732079392,0.009340648195125001,0.07707592863879253,0.744873523267265
amazon,53,0.5,0.8079589375208774,0.01407874686901838,0.01407842363575792,0.09447299569888754,0.49787707471994
amazon,53,0.75,0.9525876756232184,0.016598913797273677,0.016273192182477542,0.10188753552034444,0.23698243571090583
amazon,53,1.0,0.999095539170687,0.01740931691047242,0.0181269189609908,0.10809568207459888,-0.00581721466553678
amazon,54,0.0,0.2666754649788001,0.0028171779019765,0.0027527349056817,0.0421604532243364,0.9999999723638131
amazon,54,0.25,0.593026229253988,0.00626476975855132,0.0065119893871618,0.06464504612739139,0.7433044432310114
amazon,54,0.5,0.8272683112755661,0.00873931917852378,0.00903725577888922,0.07560171766430834,0.48101357374359577
amazon,54,0.75,0.9544641123992086,0.0100830243453197,0.01016557794479684,0.08085489119247762,0.25850563306098645
amazon,54,1.0,1.0008463485486616,0.010573009469128859,0.01052215386830372,0.081532893449205,-0.009128612136017001
amazon,55,0.0,0.2882283704679307,0.0046240106717053,0.0050221202749483,0.057189188883102406,0.9999999723638131
amazon,55,0.25,0.5634537304661265,0.00903941571906228,0.00965501243381824,0.079020641549903,0.7677728452813402
amazon,55,0.5,0.8168581918292063,0.013104750896506178,0.013676178134569039,0.0939121633176615,0.48567332967460947
amazon,55,0.75,0.9477791008390437,0.015205098198987299,0.015800605622388463,0.10068937878176758,0.27227740836128245
amazon,55,1.0,0.9996260494483888,0.0160368721262928,0.016049996193356862,0.1011728651918983,0.00242064994324218
amazon,56,0.0,0.23578647923357693,0.0019250228262088,0.0017274160356117,0.0333185846861727,0.9999999723638131
amazon,56,0.25,0.5678618867526002,0.0046361737860713004,0.00448298595546872,0.053094444320509214,0.7414088513640649
amazon,56,0.5,0.8126534260342044,0.0066347162907629004,0.0064174140611439195,0.06390538002965214,0.5136381073541508
amazon,56,0.75,0.9320176353601163,0.007609237087424539,0.007522215955849421,0.06955610582987498,0.25695607205030346
amazon,56,1.0,0.9971841053799743,0.00814127328686838,0.0082338508716425,0.07261439351709026,0.0007159393781811799
amazon,57,0.0,0.1259540967036223,0.0013754045460519,0.0013812215457907,0.029886282548263997,0.9999999815758756
amazon,57,0.25,0.522586989805605,0.00570659105418016,0.00567052870763928,0.05997907001943942,0.7459214064062856
amazon,57,0.5,0.7750834598945057,0.0084638240613727,0.00835794220888246,0.07313841033284259,0.5112133404369388
amazon,57,0.75,0.9283248998674146,0.01013720332174118,0.0102217915107987,0.08093200070163638,0.28216068478638784
amazon,57,1.0,0.9906064915475241,0.01081731128626212,0.010577547362835721,0.0826229818238558,-0.0013062372681238808
amazon,58,0.0,0.2644185946397326,0.0050650832718263,0.005585194056929,0.0592763705588424,0.9999999723638131
amazon,58,0.25,0.5848017724648347,0.0112021988433975,0.01144878958559736,0.08504978131824067,0.7546544963040057
amazon,58,0.5,0.8258388294308865,0.0158193959311909,0.01585624637764766,0.10064207084362486,0.49524494252018547
amazon,58,0.75,0.9453417772165496,0.01810854046956118,0.01860778247451878,0.10990197487373177,0.25420834599032327
amazon,58,1.0,0.9961530382812749,0.01908185805635946,0.01848708524523908,0.10801057886520163,-0.02191503945180858
amazon,59,0.0,0.2927759290214893,0.0031914656596934003,0.0032727041141974,0.0463252765390371,0.9999999723638131
amazon,59,0.25,0.6273956590622014,0.006839058482812641,0.00665819774058594,0.0655128750256921,0.7327701551288276
amazon,59,0.5,0.8311638340540922,0.00906027637869126,0.00892563838332942,0.07547328903692149,0.5111846808930084
amazon,59,0.75,0.954317193190232,0.010402735500493079,0.010150449333305962,0.08105939895640286,0.2537705777321884
amazon,59,1.0,1.005133702915817,0.01095667156441988,0.010612434816431,0.0826826878242926,0.001820789920529821
amazon,60,0.0,0.2841831268505037,0.0048146071169239,0.0050118519838304,0.0569834754054704,0.9999999723638131
amazon,60,0.25,0.6011930173486678,0.010185362558469298,0.010381256116116181,0.0814915156184278,0.7590842049287762
amazon,60,0.5,0.8072500296131441,0.01367636348007758,0.014299457740790899,0.09572673937406297,0.5208038685134705
amazon,60,0.75,0.965427527064709,0.01635619360724816,0.0162003105136787,0.10160800744704726,0.23261432111821545
amazon,60,1.0,1.0008836803950676,0.01695688883519844,0.01641123880108866,0.10245722649428876,-0.01171144964928526
amazon,61,0.0,0.1926915430140772,0.0026790507771976,0.0026533796113285,0.0413448169558593,0.9999999815758756
amazon,61,0.25,0.5814791477459724,0.00808448641972464,0.008296039175814559,0.07239336368980032,0.7474845828307463
amazon,61,0.5,0.7871368781534746,0.01094381015478176,0.01094941958773626,0.08346483483205983,0.5193565455562366
amazon,61,0.75,0.9457789905559876,0.01314946105092508,0.012751879413467278,0.08985882510386609,0.24763986319497938
amazon,61,1.0,1.0005865215123306,0.01391146729213388,0.014378221047728321,0.0956737964813496,0.02073787034401876
amazon,62,0.0,0.1227133847183044,0.0009764404873841001,0.0009435617261656,0.0243639711369216,0.9999999723638131
amazon,62,0.25,0.5139811712815947,0.00408979042135068,0.00412786302358948,0.05092656720052746,0.7473269971233035
amazon,62,0.5,0.7983551614338761,0.006352577632224821,0.00624052039098618,0.06268347002568668,0.4686337521213654
amazon,62,0.75,0.9605369608235605,0.007643071538854659,0.007631653247405321,0.07005625869603305,0.24570397636369043
amazon,62,1.0,1.0018013800589973,0.00797141591402092,0.00785501772890644,0.07053265487597729,-0.0006164012018978
amazon,63,0.0,0.3245972295139108,0.0041734106882867,0.0042833965132153,0.05277342040895509,0.9999999723638131
amazon,63,0.25,0.6372904221023126,0.00819376882275758,0.008046175320592739,0.07197275717744697,0.7353639771052618
amazon,63,0.5,0.8221899645874562,0.01057105875841848,0.01066786493471544,0.08233056642876416,0.519837652140089
amazon,63,0.75,0.9660400271098594,0.01242056742286626,0.012153536543510519,0.08780529371775789,0.24250426967575622
amazon,63,1.0,1.002487657329508,0.01288918180306042,0.013022398955444981,0.09062958590890095,-0.010029304952197459
amazon,64,0.0,0.2620187953911074,0.0033733512241383005,0.0035823332046380995,0.0480289159325941,0.9999999723638131
amazon,64,0.25,0.6080819773891137,0.00782872877398024,0.007868555225908399,0.07101301350589237,0.7525154849010847
amazon,64,0.5,0.8135273143460241,0.01047372711420474,0.01042836276931826,0.08191313683767142,0.48889886698541957
amazon,64,0.75,0.9571125709541624,0.012322310153540818,0.011601641123140879,0.0862989825883442,0.22767288979863132
amazon,64,1.0,1.0036330728376235,0.012921236622696819,0.01278390635172138,0.09044098955186522,0.01043126039667602
amazon,65,0.0,0.1772645021502089,0.0024579768648438,0.0023322774370387,0.0391154363024589,0.9999999723638131
amazon,65,0.25,0.5540384122814481,0.0076823818818989795,0.00765126005486382,0.06919350830603473,0.7512629539445248
amazon,65,0.5,0.7995262344766326,0.011086353800909379,0.01106720558859824,0.08394251293434506,0.512708650794437
amazon,65,0.75,0.9370812358933002,0.01299371261795684,0.01314778175669552,0.09165852696261426,0.2641926039575481
amazon,65,1.0,1.0011995915807184,0.013882787604656421,0.01374946496907992,0.09379123999610484,0.02572392139992022
amazon,66,0.0,0.1280877495010597,0.0009414546091248,0.0009814540591819,0.0246883521600192,0.9999999723638131
amazon,66,0.25,0.489447347194779,0.00359747487746006,0.0037566623180161603,0.04871090573872146,0.7615416589035853
amazon,66,0.5,0.761458363978998,0.00559677634447604,0.00556963047111836,0.05953038993912944,0.5120427845024556
amazon,66,0.75,0.9406184586460276,0.0069136165384255,0.00687244251369086,0.06629233714233233,0.26285396969646035
amazon,66,1.0,0.999478467090247,0.00734624203507752,0.00739361029252814,0.06884270495564578,-0.005429239500494359
amazon,67,0.0,0.3312969131912135,0.0062554174283569,0.0059824719645164,0.061834976201065,0.9999999723638131
amazon,67,0.25,0.6291611704998342,0.01187957265668388,0.01136689926431276,0.08538022124451809,0.7554400236013041
amazon,67,0.5,0.8296263349301025,0.01566467669304952,0.01587364835740792,0.10044947121912914,0.48700649565547643
amazon,67,0.75,0.9570081775868722,0.01806985032094712,0.01808814738487426,0.10680696267277164,0.2733319794672343
amazon,67,1.0,0.9996474673583562,0.01887494854477318,0.01909041861870328,0.11058114441058542,0.04660691139585084
amazon,68,0.0,0.1008933498763113,0.0008373812733908999,0.0009292742072086,0.0243805479835388,0.999999990787938
amazon,68,0.25,0.5391396117230126,0.00447467960131726,0.00446758967168726,0.053399945867272355,0.7350240900493084
amazon,68,0.5,0.8180897523403425,0.00678987306301794,0.006897393753378239,0.06602246589963943,0.4873176185562696
amazon,68,0.75,0.950156232974566,0.0078859809617181,0.00787328559367864,0.07109056050005849,0.23755612759800532
amazon,68,1.0,1.0012923665581455,0.00831039387603804,0.00833814227424088,0.07303512928402912,0.004088217397519281
amazon,69,0.0,0.20020222920267566,0.0026257862572206,0.0025434603839466,0.040727631238133,0.9999999723638131
amazon,69,0.25,0.5446225617733735,0.00714308948392922,0.00681623343279892,0.06588345738178886,0.7661264728648343
amazon,69,0.5,0.8281955367316943,0.0108623388825507,0.01084227848031526,0.08228433311704611,0.4839215454708551
amazon,69,0.75,0.9609371229208149,0.01260333364652112,0.01243603800163016,0.08911801325577415,0.22762048421824027
amazon,69,1.0,1.0006618096336872,0.013124349505627558,0.012720349735148021,0.0895398005573831,-0.005859221723516941
amazon,70,0.0,0.2434705405715097,0.0032352165440766,0.0031743324805453997,0.0451774471654391,0.9999999723638131
amazon,70,0.25,0.5503826120671708,0.00731343893989036,0.00743441848506698,0.06856827443227018,0.7539430782060341
amazon,70,0.5,0.8005165807020005,0.0106371985687284,0.01072344040924832,0.0826325261497986,0.49819198444635415
amazon,70,0.75,0.9516461226217302,0.012645395507749199,0.01301259084596724,0.09123039485979538,0.2553227697078833
amazon,70,1.0,0.9971092154402778,0.01324950535071504,0.013029248201085539,0.09112668006648535,-0.020499904540003718
amazon,71,0.0,0.21733599195418202,0.0028527829903645,0.0026478949381194,0.0414841379428435,0.9999999723638131
amazon,71,0.25,0.6065972961581789,0.00796228196223472,0.00766564367900104,0.07011774963133233,0.7421454552405469
amazon,71,0.5,0.8213035523945015,0.0107805466693752,0.01088844046824156,0.08352908028706256,0.4995157799173818
amazon,71,0.75,0.965619706909755,0.01267486093888066,0.01261502009594934,0.08961998568919913,0.2302702086739398
amazon,71,1.0,1.001766290848416,0.01314932611555392,0.0136804113748424,0.09336827094476427,0.01720621270698066
amazon,72,0.0,0.10920687583653091,0.0011390600524732,0.0010893106499975,0.0265126813385602,0.9999999723638131
amazon,72,0.25,0.5033828432604877,0.00525043211305388,0.00533153919371038,0.0581877001959221,0.7358031455968763
amazon,72,0.5,0.7902139632490037,0.00824216562875424,0.00822862902311674,0.07206485838506374,0.48417081282402014
amazon,72,0.75,0.9543129340647303,0.00995376648608452,0.00984790806894262,0.07938167698587115,0.24468555707529002
amazon,72,1.0,0.9987677986529999,0.01041744388737194,0.01042978741511138,0.08159028468085053,-0.0045805616732605605
amazon,73,0.0,0.1833083973133798,0.0026105056576142,0.0025211580599113,0.039488471171299,0.9999999723638131
amazon,73,0.25,0.4893578775393831,0.00696897428943604,0.00666532953466382,0.06492056003187177,0.7621975835378606
amazon,73,0.5,0.7875896996542533,0.01121611119271996,0.0111660667104927,0.08407634398637902,0.5207895161203033
amazon,73,0.75,0.9684753032542869,0.013792113702695518,0.01405789743213216,0.09457754635179337,0.24697419816481908
amazon,73,1.0,0.9972022379334607,0.01420121566749912,0.014232912646595139,0.0948059535963021,0.020698269721355862
amazon,74,0.0,0.2609763644796057,0.0032051406743849,0.0033673580150322,0.0466769354085341,0.9999999723638131
amazon,74,0.25,0.5748889736016237,0.00706040961303212,0.007160414860015141,0.06760548052440224,0.7652486149088481
amazon,74,0.5,0.8282678506018584,0.01017224292530476,0.01043077071974546,0.0817480377921734,0.4998760821006636
amazon,74,0.75,0.958138893439546,0.011767233960810562,0.01192399908395916,0.08764620035665964,0.24691111764655765
amazon,74,1.0,1.0008867853637882,0.012292235554053722,0.01213428278455136,0.08829656408147127,-0.014789512896081259
amazon,75,0.0,0.3093050895154218,0.0046840412027796,0.0048683131451437,0.056228409973758,0.9999999723638131
amazon,75,0.25,0.6628168142892346,0.01003753696031918,0.010104407688567879,0.07997381775772382,0.7391131906830125
amazon,75,0.5,0.8320107829657246,0.012599769356120042,0.012416050176008001,0.08974247884359314,0.5103706920078221
amazon,75,0.75,0.9594458341413217,0.01452961484078368,0.01439397037177382,0.09579338216767905,0.25971474572520015
amazon,75,1.0,1.0038245173887907,0.01520167484853172,0.015132111935495,0.09798072096227074,-0.007373412099537259
amazon,76,0.0,0.1061671501778135,0.0011132806395048,0.0011262131637823,0.026609096201253103,0.9999999723638131
amazon,76,0.25,0.49252377158790084,0.0051646594872929805,0.00527260673685738,0.057643958572156,0.7545311283647924
amazon,76,0.5,0.7848837212325686,0.008230378696680139,0.00819595117402002,0.07212296345381915,0.5009989219584018
amazon,76,0.75,0.9422648867430936,0.00988069524273158,0.01010062041887752,0.07997434512466278,0.23749680260830344
amazon,76,1.0,1.001335897921045,0.010500120488584421,0.010571868778157441,0.08176711167059002,-0.01820907097963144
amazon,77,0.0,0.3602095698254351,0.0053134067009853,0.0052630844218757,0.0577613794178508,0.9999999723638131
amazon,77,0.25,0.6675003205074397,0.00984621446235566,0.0095996866266081,0.07817646252446805,0.7306613150725695
amazon,77,0.5,0.8544125044115543,0.0126033329112998,0.0126531708132097,0.09067683544073736,0.49848683308410885
amazon,77,0.75,0.9765232821247167,0.01440457385244994,0.01474372881148998,0.0973049816295319,0.2316431597097556
amazon,77,1.0,1.0002959406415524,0.014755241390585599,0.01404104880149078,0.0950065391031546,0.012550381114535162
amazon,78,0.0,0.1767516916984563,0.0019737212948937,0.002017444019131,0.0362863548240523,0.9999999723638131
amazon,78,0.25,0.5194718432015988,0.0058007514902539,0.00584595683325316,0.061018207010335154,0.753384421895875
amazon,78,0.5,0.7856279168790345,0.00877281871820828,0.008570346041725399,0.07364590903904877,0.5063453708119952
amazon,78,0.75,0.9599146495298037,0.010719014719755721,0.01067482104772378,0.08281869883876283,0.24695361104784222
amazon,78,1.0,0.9953266773578207,0.0111144478426181,0.01142064056737642,0.085218749034694,0.009440646797322861
amazon,79,0.0,0.1960143461757985,8.388728163566627e-06,7.710454955725388e-06,0.002198035589502,0.9999999723638131
amazon,79,0.25,0.5776246959565972,2.4720315882373837e-05,2.4616237742250196e-05,0.00395624416038904,0.7365235952007921
amazon,79,0.5,0.8152780526244724,3.489104800040946e-05,3.4386332014522706e-05,0.0046608497696894804,0.48656377130778833
amazon,79,0.75,0.9501605758751616,4.066354804258082e-05,4.0673507035477286e-05,0.0050968797740463204,0.24868255670657727
amazon,79,1.0,0.9998015365971316,4.278800746812418e-05,4.264100647258889e-05,0.00524108972967202,-0.016739043230596582
cifar10,0,0.0,0.2668831883516793,0.0077961815567047,0.0079363915912763,0.071460203338445,1.0
cifar10,0,0.25,0.6024346322247665,0.017598297584342282,0.017608750024139818,0.10582540135761676,0.7538009619107978
cifar10,0,0.5,0.8182064197149735,0.02390141484128874,0.02418359809364442,0.12368860108472876,0.49386196257688414
cifar10,0,0.75,0.9574418158192166,0.027968753941412138,0.028581455606378443,0.1350200504643674,0.2421485230048004
cifar10,0,1.0,0.9995408376898911,0.029198548968556996,0.0290196112610276,0.13579571175389024,-9.899944786739972e-05
cifar10,1,0.0,0.3755638660240786,0.0102859049905568,0.0102174370797151,0.082032328087976,1.0
cifar10,1,0.25,0.6343289061162506,0.017372935607860858,0.017582738012648043,0.10603337188176114,0.7515611741523427
cifar10,1,0.5,0.8370297118227628,0.022924484672149283,0.02370615135530708,0.12264133774940678,0.506336953941439
cifar10,1,0.75,0.9595986480751144,0.02628139024038752,0.026503886054479297,0.1297061671883727,0.2459218122758629
cifar10,1,1.0,1.0015531087606215,0.02743043474541324,0.026540583899140942,0.13072717347137291,-0.00718450195291412
cifar10,2,0.0,0.4200968704182997,0.0162073231515943,0.0167795762571521,0.1030158773054581,1.0
cifar10,2,0.25,0.6572040618805135,0.02535491063485406,0.025852957466635018,0.12775794188651124,0.7575483106470438
cifar10,2,0.5,0.8444174396446794,0.03257759646134948,0.03227815425485216,0.14384291044386505,0.5069335032957394
cifar10,2,0.75,0.9603597711628179,0.037050647717343545,0.03624359127971704,0.15200033822456963,0.25771119104497975
cifar10,2,1.0,1.0003165508686869,0.038592178936429425,0.03762523920433,0.15350528339058653,0.00151718494096126
cifar10,3,0.0,0.48129649634007776,0.0217109667515176,0.0214524713484991,0.11433891263421278,1.0
cifar10,3,0.25,0.7288512175630167,0.032877996560632936,0.03190450900136392,0.14222896232343146,0.748451692540533
cifar10,3,0.5,0.8759505626308728,0.0395135507652113,0.03785879307296588,0.1552134648014199,0.49601200354571445
cifar10,3,0.75,0.9686823331443227,0.04369661962554286,0.04222792022557258,0.16400051053822934,0.24806630625306028
cifar10,3,1.0,1.000384955440093,0.0451267039578274,0.04389303672660438,0.16697278619891393,0.00783437590618214
cifar10,4,0.0,0.4054592317376189,0.0132508436448719,0.0141693759214046,0.0940852554514034,1.0
cifar10,4,0.25,0.6528186916781434,0.021334816757791218,0.021518014811630744,0.11711492088615263,0.7517220039048162
cifar10,4,0.5,0.8497313332624576,0.027770133606171598,0.028015516901712,0.13302811462996794,0.4855856525969212
cifar10,4,0.75,0.9692187329641311,0.03167511030184042,0.0316489207374634,0.1425449249221346,0.23033734581362006
cifar10,4,1.0,0.9994387656340894,0.03266273346221692,0.03384826118475004,0.14652405719281286,-0.00921895113775234
cifar10,5,0.0,0.3716431427358441,0.0117819546223152,0.0110725446947876,0.0843435541162419,1.0
cifar10,5,0.25,0.6535146922912256,0.0207179403147612,0.019922077088212357,0.11264089083545703,0.756302519209265
cifar10,5,0.5,0.8654075592536966,0.027435438517381276,0.02650801504820514,0.12956480442327328,0.48652091064935143
cifar10,5,0.75,0.9600523961392835,0.030435900641379098,0.030274702536227382,0.13773421885926598,0.2557881763317636
cifar10,5,1.0,1.001302392342661,0.03174362175217682,0.033248103812383224,0.14518417452255342,0.01712075688742086
cifar10,6,0.0,0.6034186088477497,0.0438269935722393,0.0419147976608928,0.1512440835076063,1.0
cifar10,6,0.25,0.7801199514224855,0.0566610170704821,0.05554510247647666,0.1807303251575263,0.7448237198586222
cifar10,6,0.5,0.87874677062525,0.06382439736381443,0.06374301283990737,0.19447349168720082,0.512996936656174
cifar10,6,0.75,0.9689969471422758,0.07037937238133687,0.06859821384508684,0.20248264936986815,0.2589421576449463
cifar10,6,1.0,1.000383137036816,0.07265898776375238,0.07201695088499802,0.20732284974994447,0.011126191254235
cifar10,7,0.0,0.4758386829751897,0.0097051851564629,0.009277080459337,0.0773127846050477,1.0
cifar10,7,0.25,0.6797085282920265,0.0138633056864042,0.0135821222101826,0.09405510884871002,0.7440744712440857
cifar10,7,0.5,0.8504904968156863,0.017346567315206597,0.01739640405464334,0.10482416870591912,0.5098438555945888
cifar10,7,0.75,0.9727283757403772,0.01983972579631158,0.020225486399349603,0.1135447957169154,0.24192843646000547
cifar10,7,1.0,0.9989841473189072,0.020375237375576637,0.02046215348188756,0.11390818059682935,-0.0034788826792856607
cifar10,8,0.0,0.2651068995031714,0.006304040416244801,0.006448841761108199,0.0646008267698858,1.0
cifar10,8,0.25,0.5715960383279953,0.01359211900609918,0.013573438861539338,0.09308519936501472,0.758189861724351
cifar10,8,0.5,0.8190004068635023,0.01947520670138832,0.01986442372897178,0.11189283798634568,0.4928474285338004
cifar10,8,0.75,0.948375513503024,0.022551648327917062,0.02266779578771604,0.11908717503137138,0.25251429479459886
cifar10,8,1.0,1.0001176904609035,0.02378203793821482,0.024764605958740117,0.12596212180196295,-0.00882530190423706
cifar10,9,0.0,0.4192762595299492,0.012639894841305902,0.0124382756936576,0.0869861399575946,1.0
cifar10,9,0.25,0.6757624458998122,0.02037216765731796,0.02043024306745414,0.11390056019999018,0.7486084140536857
cifar10,9,0.5,0.8418658692975785,0.02537967704237702,0.0254149165004601,0.12615075960066244,0.5145166486420198
cifar10,9,0.75,0.9667823808773564,0.02914552720542062,0.02962909125910964,0.13718276276494684,0.25000439507780636
cifar10,9,1.0,1.000200740043572,0.030152988362662198,0.030844626379354922,0.1402519335796093,-0.017011279692185678
cifar10,10,0.0,0.4104753651504847,0.012825082059249798,0.0116000376856344,0.0865997519603647,1.0
cifar10,10,0.25,0.6617659521114997,0.020676521322384463,0.01982262358966478,0.11177593306806859,0.7550399330633188
cifar10,10,0.5,0.8480525489772756,0.02649694586958252,0.02586345310037632,0.12905780188789961,0.4982043576424527
cifar10,10,0.75,0.9586663726631699,0.02995301531028794,0.02926038897756038,0.13652158223114808,0.245041133007935
cifar10,10,1.0,1.0004117985655439,0.03125732869484394,0.03279566717726588,0.1432847498910612,0.005175336679440661
cifar10,11,0.0,0.5546608525009609,0.026902315653929997,0.025916449921589802,0.1287234020708354,1.0
cifar10,11,0.25,0.7578188695708237,0.03675594256521534,0.03737632515859946,0.15363784190806906,0.7383407757678638
cifar10,11,0.5,0.902211509533059,0.04375931473553016,0.04296209893145186,0.16464921642456276,0.4930751874109511
cifar10,11,0.75,0.9725894554103378,0.04717280553180462,0.04726368912161444,0.1742084405001641,0.24734822163026998
cifar10,11,1.0,1.0003398956019787,0.0485187651361373,0.049436211163290875,0.1764708740904394,0.00795640407653554
cifar10,12,0.0,0.2492112655657676,0.0056803578755921,0.0058902766923222,0.0610241412964902,1.0
cifar10,12,0.25,0.5838048001266328,0.01330686310138994,0.012960722268935179,0.09042198551341714,0.7498360202354846
cifar10,12,0.5,0.827775938421283,0.01886778095830548,0.018829074433652858,0.10924981583913237,0.4925102463114861
cifar10,12,0.75,0.9597756981124677,0.021876496767503962,0.02153259916991606,0.11697371928406941,0.25346140159984476
cifar10,12,1.0,0.9989231989075481,0.022768799183874498,0.022314952268107018,0.11890063246934313,0.011757803084889041
cifar10,13,0.0,0.3607742152324645,0.0133675635176887,0.0124529178262104,0.0882549898336483,1.0
cifar10,13,0.25,0.6165388609167166,0.02284426668107972,0.02223743088615962,0.11809047846952665,0.7508822446113351
cifar10,13,0.5,0.8243643883367453,0.03054470873344292,0.030471555816978625,0.13995481011528238,0.5048831123183815
cifar10,13,0.75,0.951213252097105,0.0352447681386603,0.03547876696202404,0.14899130380306266,0.25463661991335423
cifar10,13,1.0,0.9981287767533118,0.03698310261304462,0.03723415049959206,0.1528696177471528,0.00266629204966968
cifar10,14,0.0,0.3745465548584186,0.014839286383095302,0.0140731963423311,0.0951187058447354,1.0
cifar10,14,0.25,0.6323105964807036,0.02505172695498384,0.02514484057177312,0.12655624593037107,0.7546918058139845
cifar10,14,0.5,0.8369556723999423,0.0331596292946644,0.0344489372245147,0.14684686375940278,0.4921350489786594
cifar10,14,0.75,0.9593545185054321,0.03800899049358496,0.03806264735902938,0.15507444704452714,0.2633592731588344
cifar10,14,1.0,1.00083222202145,0.0396523096297601,0.04066222694676352,0.15929096253491237,-0.0046525541060655606
cifar10,15,0.0,0.3741542093221859,0.013993196036830798,0.012958144878320598,0.0919310828795665,1.0
cifar10,15,0.25,0.6272084525900234,0.02345730881646148,0.02247531658406658,0.11992453435151584,0.7664510285430957
cifar10,15,0.5,0.8383290844407669,0.031353123737958496,0.030585839095786,0.14028775600126686,0.49710337642944413
cifar10,15,0.75,0.9532764162859293,0.03565210129412154,0.03548724769881602,0.1499114144660462,0.24839715674923285
cifar10,15,1.0,1.000270791561979,0.037409669402355475,0.0371984608288104,0.15389650240711727,0.02018608013782628
cifar10,16,0.0,0.8457126260511562,0.025889074026898502,0.0260504251711275,0.1295171172076822,1.0
cifar10,16,0.25,0.9079085224761865,0.02779302356852396,0.028308464253932603,0.1335691492695093,0.7513489453752301
cifar10,16,0.5,0.9601110182729693,0.02939105372255176,0.030253369088509043,0.13675398557324978,0.5004307328246467
cifar10,16,0.75,0.9931159433667902,0.03040140513825178,0.03219875443109198,0.14071856793227802,0.2567269137936484
cifar10,16,1.0,0.9993194217162099,0.030591306891241177,0.02971051139896348,0.13758746023701462,-0.00628698107514368
cifar10,17,0.0,0.280745894597327,0.0066799808269553,0.0071876869954293,0.067182827053286,1.0
cifar10,17,0.25,0.6034505348842966,0.01435831504793592,0.01501045506298368,0.09719734544539192,0.7445493737212806
cifar10,17,0.5,0.8039236082751857,0.019128309239632622,0.01949859695708454,0.11134834889216634,0.5070989854338206
cifar10,17,0.75,0.9545549323281399,0.02271238429104466,0.02312490758932296,0.12040696220142584,0.22945144699723546
cifar10,17,1.0,0.9992158458077401,0.023775032228197702,0.023354401348567817,0.12160011876962125,-0.00805010233228958
cifar10,18,0.0,0.4297853890122439,0.0135714375830257,0.0129213633041481,0.0908115384766984,1.0
cifar10,18,0.25,0.6844336272842366,0.02161252683289174,0.02192400591945014,0.1168083071212301,0.7470874860984845
cifar10,18,0.5,0.8625670537062483,0.0272374892907662,0.02726703734923198,0.1306425743284806,0.4885770449105383
cifar10,18,0.75,0.9619322070639178,0.030375166864730862,0.030463566929322485,0.14032689825785177,0.25272421453276106
cifar10,18,1.0,0.9981579298251486,0.03151907530816104,0.031325970235012476,0.14087323717483727,-0.0010675168678074421
cifar10,19,0.0,0.2967192247845844,0.0089799412678928,0.008913317321219,0.0759456997016682,1.0
cifar10,19,0.25,0.5977163677006813,0.01808934989199664,0.01821409153803718,0.10754003709159277,0.7585811311321285
cifar10,19,0.5,0.8229636705564765,0.02490625753208904,0.02489027476239406,0.12428464331743179,0.5064845209424469
cifar10,19,0.75,0.9545117779870897,0.02888744304336478,0.02921861222943114,0.13577460351355905,0.23614331286273527
cifar10,19,1.0,1.0004589558056658,0.030277993178886957,0.030684339870850702,0.1398687289481354,-0.00321247334763452
cifar10,20,0.0,0.671538127942185,0.0126403575468781,0.0135362501984886,0.0913774999671382,1.0
cifar10,20,0.25,0.8143846797081402,0.015329157204752081,0.015825629575080498,0.09885947739088215,0.7532683286828223
cifar10,20,0.5,0.914308240866589,0.01721001770670244,0.01792370611194008,0.10561391662217359,0.49875170019115167
cifar10,20,0.75,0.9761683998142787,0.01837441105157716,0.019208437383251557,0.10837409834421449,0.25821770481693357
cifar10,20,1.0,1.0013738244470631,0.018848852585456398,0.019043589520092198,0.10922649250787715,0.00248294297901484
cifar10,21,0.0,0.6685512009117673,0.0304467703513297,0.028830597173766005,0.1344897949788419,1.0
cifar10,21,0.25,0.8106124559301074,0.03691644148716236,0.03570020078762712,0.15133100567804994,0.752895208051944
cifar10,21,0.5,0.9037479964372797,0.04115796615947104,0.042205189506435904,0.16215185545720473,0.5073704293128765
cifar10,21,0.75,0.9747693258303813,0.04439237827798774,0.04404401545087028,0.16794507735170053,0.2518789664404661
cifar10,21,1.0,1.0002594240963174,0.04555323352299716,0.04481610316194838,0.16767145196778882,-0.004624873866521681
cifar10,22,0.0,0.3702505795139338,0.0107711719286619,0.0106918748291636,0.0829997908390039,1.0
cifar10,22,0.25,0.6196638476849075,0.01802699633894602,0.01755893900713194,0.10634773801008321,0.748738534500097
cifar10,22,0.5,0.8374165805554448,0.024361765961085878,0.02333253402997884,0.12126094745353615,0.49185941087387797
cifar10,22,0.75,0.952167284074398,0.02770004448089316,0.027283478933526818,0.13240284562042418,0.24370462504497076
cifar10,22,1.0,0.9979225046591769,0.02903113584123488,0.029157318803033582,0.1357447924217307,0.0019488883697181992
cifar10,23,0.0,0.5326682337919246,0.0265459243865326,0.025911542047376203,0.1290045735022612,1.0
cifar10,23,0.25,0.732794643805114,0.03651937542216088,0.0354650441608695,0.15025851401540583,0.756108674151702
cifar10,23,0.5,0.8917540630426878,0.04444123833027662,0.043226530639109216,0.16581651046484422,0.5118377513328858
cifar10,23,0.75,0.971681294416302,0.048424472369529806,0.048061595815984536,0.17482397808118158,0.2376972630714219
cifar10,23,1.0,1.00093288689764,0.049882247609227305,0.04863766792396842,0.1743707817954386,-0.0005389045899243394
cifar10,24,0.0,0.3848566900159503,0.015525038002648501,0.0154205328949998,0.09841994263019,1.0
cifar10,24,0.25,0.661659245155376,0.0266911949105398,0.027116565347161344,0.13021186725416176,0.7492128289926143
cifar10,24,0.5,0.8572529084604199,0.0345814021868176,0.03418365399734428,0.14713283715484346,0.504677727277364
cifar10,24,0.75,0.9643151168614864,0.038900269175995164,0.0388256787401928,0.15509664444492405,0.25148962434411637
cifar10,24,1.0,0.9996359401510372,0.04032510376528708,0.039923089396234054,0.15990412041486035,0.0013281868241026395
cifar10,25,0.0,0.3738917583871882,0.0119983810950268,0.0116822120594213,0.0859149803143419,1.0
cifar10,25,0.25,0.6129015190103542,0.01966832869097828,0.01957668370465638,0.11172122555397221,0.7471298986753147
cifar10,25,0.5,0.8268145404393481,0.026532908866173883,0.0263985381633225,0.1293567162972362,0.50439154541545
cifar10,25,0.75,0.9648621644477148,0.03096292895878076,0.0310201298741739,0.14073383917067198,0.2486447320183982
cifar10,25,1.0,1.0007152367219034,0.03211347270552946,0.03209087559383398,0.14194845887724247,0.0059979729530285795
cifar10,26,0.0,0.3362074401695981,0.0109245491309378,0.0106496116325467,0.0828495227395281,1.0
cifar10,26,0.25,0.6294011677170608,0.02045143312808952,0.019924785859550757,0.11291098429144801,0.7496120573540955
cifar10,26,0.5,0.845374505367889,0.027469158068825217,0.027434817844771843,0.13262980401038965,0.4940336287876853
cifar10,26,0.75,0.9569828489210511,0.031095701348040176,0.03111406135738214,0.14060868638681906,0.23134449284287162
cifar10,26,1.0,0.9998693941517033,0.0324892343709623,0.032832575050180154,0.14496762778475766,0.0030076367956513193
cifar10,27,0.0,0.4401584972785521,0.01881305129701,0.0177078681068941,0.10731309975628452,1.0
cifar10,27,0.25,0.6879187493814518,0.02940270561696794,0.028742791053876983,0.13512205166311922,0.7558106674220847
cifar10,27,0.5,0.8611478499418791,0.03680678386407224,0.0359167671990017,0.15139599715060856,0.5013806615473458
cifar10,27,0.75,0.9618039455025047,0.04110898023389586,0.04048857632517768,0.1601405484282413,0.2602400798603507
cifar10,27,1.0,1.0005116093549618,0.04276340533336826,0.04299230597747254,0.16610767074341445,0.00238843089234242
cifar10,28,0.0,0.4829119690223764,0.0200821497902194,0.0221807211591616,0.11669923962032831,1.0
cifar10,28,0.25,0.6866358544916737,0.02855411537873508,0.030175858687886036,0.13862694911043083,0.7699650414455989
cifar10,28,0.5,0.8707331973374884,0.03620990080582957,0.03648895871513446,0.1515095611206187,0.5059541498517466
cifar10,28,0.75,0.9633817774655558,0.04006274104035438,0.03970706801084692,0.15789047743483117,0.2574768025291954
cifar10,28,1.0,1.0003924617354958,0.041601849931882,0.04062057618780936,0.1604724049868342,0.01013369578716254
cifar10,29,0.0,0.2809301697113209,0.007108528417554499,0.007205586734120301,0.0672981695838982,1.0
cifar10,29,0.25,0.6068528100867789,0.015355525717325059,0.01524055002236604,0.09860588594346939,0.7490405878020181
cifar10,29,0.5,0.8313980774931504,0.02103731637735204,0.02060241990806694,0.11484437742475131,0.49516584087075455
cifar10,29,0.75,0.9496618120881946,0.02402980778188456,0.023299801355454,0.12112296473552171,0.26336881851827176
cifar10,29,1.0,0.9999309778504173,0.02530179574143594,0.025501871849903,0.12787043129932563,-0.00660277569932666
cifar10,30,0.0,0.5078008997889647,0.0229430519862642,0.0239499415194165,0.12374676591060521,1.0
cifar10,30,0.25,0.7109079355977378,0.03211967078168844,0.0328853033486522,0.14446744493341016,0.7570371301584149
cifar10,30,0.5,0.8830832335613922,0.03989875666667274,0.03961814333888214,0.1579227041126388,0.49951915316975787
cifar10,30,0.75,0.9644651986110351,0.04357569118107446,0.04369534687182014,0.16632555495145648,0.2614423917081903
cifar10,30,1.0,1.0018127248029045,0.04526309708235298,0.04522839039005276,0.1695089451550505,9.765536745520026e-06
cifar10,31,0.0,0.2960371469555783,0.0081506407341776,0.0080302683231611,0.0713824687973165,1.0
cifar10,31,0.25,0.6058286674647195,0.01667997366462752,0.01590258947949956,0.10055781758098874,0.7537063907627568
cifar10,31,0.5,0.824696409683845,0.02270594828799598,0.02348223577279316,0.12177351513186559,0.5004480847073436
cifar10,31,0.75,0.9540527596482888,0.026267451113190222,0.0268616213949295,0.13018409869915212,0.25859465705410456
cifar10,31,1.0,0.9989183876866633,0.02750271371186978,0.02771777389363352,0.1321768025757793,-0.014536464599759899
cifar10,32,0.0,0.4243067367204184,0.0159006385330164,0.0161272549580779,0.10209673454279308,1.0
cifar10,32,0.25,0.6544720069436736,0.0245259429365275,0.024386299778389558,0.12439366159017107,0.7603696070874267
cifar10,32,0.5,0.8428809705076434,0.031586454982992916,0.031591048696969895,0.14183824592877103,0.5119004232619957
cifar10,32,0.75,0.965613456339369,0.03618578071737248,0.035540212025499084,0.14924388416408674,0.24288438944230956
cifar10,32,1.0,1.0012043326468159,0.03751952729799984,0.0372538887136364,0.1542148696307169,0.0028488537801671003
cifar10,33,0.0,0.2940107499520319,0.0090166823466894,0.0093847925065592,0.0751511149582134,1.0
cifar10,33,0.25,0.5904734134931656,0.018108559651311702,0.0189265902649094,0.10874262157681805,0.7560942362527097
cifar10,33,0.5,0.8348091630224784,0.025601815730572457,0.02630044661564186,0.127977388586905,0.49419484938745173
cifar10,33,0.75,0.958815971554573,0.0294048399449696,0.02935179760452502,0.1369573960603699,0.2389593072424554
cifar10,33,1.0,0.9981547966626287,0.03061127777062452,0.03017703950776494,0.13952751349952172,-0.0006379830757997993
cifar10,34,0.0,0.47462050677501894,0.0197544959663624,0.0191857748965538,0.11025307174756609,1.0
cifar10,34,0.25,0.7067881190531122,0.029417698661566738,0.02904362955267404,0.13437437346987724,0.7465766534639464
cifar10,34,0.5,0.8575188554392661,0.0356913629500729,0.036299368374035516,0.15105594204754716,0.4995789202349334
cifar10,34,0.75,0.9560189653317662,0.03979110157447248,0.039625634404419255,0.15878395884436144,0.2707382194684936
cifar10,34,1.0,0.9980196380238482,0.04153923952350034,0.04209060866091506,0.1628210746287942,0.0051796116802733
cifar10,35,0.0,0.5279701117211214,0.0155920111455846,0.0157284762838495,0.1004482604305598,1.0
cifar10,35,0.25,0.7181681607514202,0.02120893913925738,0.021035520020874117,0.11702651577746918,0.7594752255819663
cifar10,35,0.5,0.8658077712959213,0.02556903150440168,0.02647640936553532,0.12956480086428918,0.5064017182063891
cifar10,35,0.75,0.9772490784626588,0.028860115724601045,0.028587500586896797,0.13553232300330556,0.24408189299989935
cifar10,35,1.0,1.0021303940907915,0.02959491063434696,0.029436302525024938,0.13716361376909394,-0.00651577830326856
cifar10,36,0.0,0.488396396647879,0.0191375734068756,0.0182056523612534,0.10698248328465912,1.0
cifar10,36,0.25,0.7185402031941057,0.02815564565750204,0.02683400039643794,0.1296871395182188,0.7578510470631775
cifar10,36,0.5,0.8816875500027767,0.03454849447276264,0.03468287095853646,0.14746788536084476,0.5139608607518753
cifar10,36,0.75,0.9737678695121925,0.03815661665800986,0.03983461481391902,0.15770827902999976,0.2499111328339211
cifar10,36,1.0,0.9975201682252062,0.0390873388404875,0.037827543269719835,0.15400844054494517,-0.012140884676159182
cifar10,37,0.0,0.3021164042932329,0.0093684092681043,0.0093061570125344,0.0773422897058228,1.0
cifar10,37,0.25,0.6186159039006867,0.019182827827763,0.019340671449913242,0.11045137329951708,0.743737911771791
cifar10,37,0.5,0.8193962385353398,0.025408879512194883,0.025510347564679143,0.12808195665880318,0.4923509512860484
cifar10,37,0.75,0.9534410476807791,0.02956551124252802,0.0296986828843869,0.13724887150090953,0.2426988881058963
cifar10,37,1.0,0.9977808299820173,0.0309404555406651,0.03001664336022798,0.13807596272543854,0.0055545927442648205
cifar10,38,0.0,0.24184306712773102,0.005992689130469,0.0059644752859211,0.062379596691962205,1.0
cifar10,38,0.25,0.5705582233759641,0.01413800322718776,0.01387324397017652,0.09385757012559702,0.7582651975400193
cifar10,38,0.5,0.814478253199112,0.02018215792959582,0.0197176488898897,0.11246217553577112,0.5030718200009596
cifar10,38,0.75,0.9549452655684277,0.02366282474470224,0.0235929085221423,0.12215992623119395,0.25237187221251234
cifar10,38,1.0,1.0008116853367872,0.02479936009576198,0.0249485695294131,0.1252185193020794,-0.0120050600306482
cifar10,39,0.0,0.4366927865505484,0.0115737378531422,0.0116602155566193,0.0854488934393839,1.0
cifar10,39,0.25,0.6933661528705011,0.01837639259616216,0.018244070479969322,0.10692767259874865,0.7549949391572579
cifar10,39,0.5,0.8717180573221853,0.02310328127238154,0.023163769921320698,0.12113109731380238,0.4943374257028067
cifar10,39,0.75,0.9687436784414724,0.0256747666242307,0.026072322670431004,0.12817202015167367,0.25543134795314415
cifar10,39,1.0,0.9994586450588377,0.026488810232794518,0.02600395683850698,0.12847264086811044,-0.01041303087305802
cifar10,40,0.0,0.2951237430571187,0.0086047236970865,0.008668858909259,0.0742475094250761,1.0
cifar10,40,0.25,0.5903267597428712,0.0172117587218344,0.01674980485475932,0.1034210212073601,0.7596101156681729
cifar10,40,0.5,0.8147341596540821,0.023754653752288978,0.02342317631645034,0.12223368958850585,0.5062442831797899
cifar10,40,0.75,0.9560995899323063,0.02787635014737856,0.02775002447603772,0.1327821609047019,0.24888078597792423
cifar10,40,1.0,0.9997451195600657,0.029148893383546398,0.0296316828920991,0.13710928061792563,-0.0022349803367549604
cifar10,41,0.0,0.2537741612619854,0.0061596081577209,0.006230827419446,0.0634761825835718,1.0
cifar10,41,0.25,0.5756608155993839,0.013972443207823959,0.0144726853422285,0.09548115461569393,0.7510551063805773
cifar10,41,0.5,0.7912239749259002,0.0192045936682523,0.019519392348562,0.11144912737696802,0.5049506238055244
cifar10,41,0.75,0.9533136705779744,0.02313883585688202,0.02349237511313292,0.1211023361043666,0.23915647450200633
cifar10,41,1.0,1.000391739393577,0.024281515061432602,0.02418243477618278,0.12388647824880908,0.00525016309080404
cifar10,42,0.0,0.7764884154465808,0.0148174611283711,0.015204463080011,0.0973534566009619,1.0
cifar10,42,0.25,0.8755122493078705,0.01670709886131536,0.01715695528952348,0.10568329470413336,0.7472640513629625
cifar10,42,0.5,0.9578013794808262,0.0182773940046421,0.0185777114468842,0.10816754242798146,0.5039985462912651
cifar10,42,0.75,0.9892850194692151,0.01887818546840048,0.0187911330738116,0.10977789329698902,0.2549309144622405
cifar10,42,1.0,1.001301748437432,0.01910749657058134,0.0191501368174902,0.10977975766217743,0.0022921204738488394
cifar10,43,0.0,0.5867209446484554,0.0239060064895296,0.025188196024403996,0.1253788034898463,1.0
cifar10,43,0.25,0.7951876548921815,0.03240000448532886,0.032083160394773526,0.14287844270264274,0.7494696564857475
cifar10,43,0.5,0.9102644157674128,0.03708881918909856,0.03658288644638108,0.1527573968116281,0.47366255888912445
cifar10,43,0.75,0.9785102480953238,0.039869502792428776,0.03913815444972196,0.1565903109626267,0.2530378295318751
cifar10,43,1.0,0.9999345042370583,0.0407424363582563,0.0425662661310078,0.16500300399205514,0.01251331090168074
cifar10,44,0.0,0.40446819455673777,0.0167882451456167,0.0160463934040752,0.0986462590840974,1.0
cifar10,44,0.25,0.6628046010351474,0.027511004018536823,0.02742187988516202,0.1297705982294029,0.7412972280706125
cifar10,44,0.5,0.844885646644204,0.0350686346831805,0.03457480779101122,0.14781529819729228,0.5020281530692275
cifar10,44,0.75,0.9645110587420399,0.04003392187008734,0.0381016503220458,0.15490124697474755,0.24142577166533527
cifar10,44,1.0,1.001634056635753,0.04157478465625244,0.041072137687941254,0.1616835145646866,-0.0007062471611186588
cifar10,45,0.0,0.6631545500828643,0.0342653437257066,0.0344575145539284,0.1496830922023405,1.0
cifar10,45,0.25,0.8059806190055679,0.04164519860872956,0.042051081854208285,0.16293387938670498,0.740084491891202
cifar10,45,0.5,0.9140663966493573,0.04723001488174156,0.048605178348860426,0.17616117326867467,0.49354847525455237
cifar10,45,0.75,0.9794693123412609,0.050609398144008944,0.04982185942996083,0.17776448137122508,0.2531902512905332
cifar10,45,1.0,1.0000967415378734,0.05167522201796306,0.05328961767367728,0.18240216574449913,0.022985760117274316
cifar10,46,0.0,0.3233594775462756,0.010342278877745,0.010410564810264,0.0808337455479121,1.0
cifar10,46,0.25,0.6120022244784684,0.0195741832816725,0.01973568046710742,0.11244197415177284,0.7509911954655495
cifar10,46,0.5,0.8270846518064403,0.026453345946109603,0.02691583841547964,0.13059993532291525,0.502243223306158
cifar10,46,0.75,0.9573533609299666,0.03061983993299624,0.030577241599171218,0.13893013545347718,0.2598648829617987
cifar10,46,1.0,0.9999041003972529,0.03198077611882978,0.031123183696510858,0.14144654469235557,0.01104243571933252
cifar10,47,0.0,0.3139011447712945,0.0100479254437712,0.0102442600788772,0.0807888777214595,1.0
cifar10,47,0.25,0.6490494179720232,0.02077596807064086,0.02109022279453816,0.1157038331481578,0.7524950090863526
cifar10,47,0.5,0.8286245790162449,0.0265241402572705,0.02513201700791014,0.12635190639605176,0.5204381262657454
cifar10,47,0.75,0.9591930448198844,0.030703615966600716,0.03057167993210818,0.14010009373810034,0.25985843267864484
cifar10,47,1.0,0.999724522878411,0.03200102209729404,0.0310834886797279,0.14033383353300205,-0.00363299637244638
cifar10,48,0.0,0.4843819198636533,0.0184684316990379,0.0186909057813501,0.1046666162496294,1.0
cifar10,48,0.25,0.7016099545533028,0.02675086536813794,0.02574340419071388,0.12531023604400546,0.7533459075276758
cifar10,48,0.5,0.8663064146047479,0.03303038406774102,0.03285136862289084,0.14311440386423044,0.5078252161827403
cifar10,48,0.75,0.9592748831033789,0.03657507006905676,0.036165516150024155,0.15002245511598444,0.2518136380525901
cifar10,48,1.0,1.000248129585039,0.038137291062663156,0.03980594862457274,0.15689066070157792,0.008683741357568381
cifar10,49,0.0,0.4538566010142507,0.0202377873203043,0.0206645858316239,0.11476608181467092,1.0
cifar10,49,0.25,0.6836946209736043,0.03048642743187826,0.030494526270543297,0.1385653302569279,0.7496556064279979
cifar10,49,0.5,0.8725839364818592,0.03890913580670678,0.038652438840265105,0.15681665016603155,0.5040770957402286
cifar10,49,0.75,0.9752874770362142,0.04348875942821276,0.04200974922772938,0.16271823278310024,0.2481820782610818
cifar10,49,1.0,1.0018606488405597,0.044673675981592095,0.04430149357493022,0.1673863249575653,-0.00397439583704898
cifar10,50,0.0,0.3742742618580643,0.0109865923229604,0.0116154336202598,0.0865883926743991,1.0
cifar10,50,0.25,0.6368287971452965,0.01869372031895146,0.01907657489612646,0.10997776764116758,0.7630502619065537
cifar10,50,0.5,0.8537819844814589,0.025062248602451757,0.02504722133417268,0.12640151561946927,0.49311101768509735
cifar10,50,0.75,0.9622004625823306,0.028244806797227722,0.027853341483148802,0.1325015436682199,0.26043438568344424
cifar10,50,1.0,0.9991036147723198,0.02932807628664118,0.029202143614029258,0.13704546364323014,-0.00885874323287536
cifar10,51,0.0,0.457962462688131,0.0191174936410893,0.0183803728877355,0.10548958579462,1.0
cifar10,51,0.25,0.7060076194701924,0.02947205781137006,0.02872837695413962,0.13420600663301338,0.7483551745386995
cifar10,51,0.5,0.8642700005004776,0.03607866929042164,0.03573736847057224,0.15028642955019939,0.5110498361956824
cifar10,51,0.75,0.9632542763432909,0.04021073560189456,0.040587595173836845,0.16011102706962071,0.24977424986079644
cifar10,51,1.0,1.000621658502754,0.04177062478282114,0.04366139325823024,0.16593618591452364,0.007032872311435801
cifar10,52,0.0,0.3978708952342073,0.0125574081152254,0.0127513849939638,0.0901299701782217,1.0
cifar10,52,0.25,0.6475334622220268,0.02043713689738568,0.020342867018191317,0.11302866128184057,0.7474636974628985
cifar10,52,0.5,0.8327782884303764,0.02628374420592718,0.025567205523949883,0.12746140600851358,0.48490457687000194
cifar10,52,0.75,0.959786313938056,0.03029230987210908,0.030255555074611938,0.1385885012109484,0.25152500297250213
cifar10,52,1.0,1.0007079390385472,0.03158385834494376,0.03166726013411242,0.14217511055198256,0.0035152505855967605
cifar10,53,0.0,0.3045983851496995,0.007678457459496099,0.0080429125724562,0.0720838109991301,1.0
cifar10,53,0.25,0.6177061990592505,0.01557142454846712,0.01550614803257018,0.0997457215189281,0.7479939022263621
cifar10,53,0.5,0.8326412594931074,0.02098960730503196,0.021358787259828378,0.11681723152843179,0.49359039927226667
cifar10,53,0.75,0.9673893813396781,0.024386400498263742,0.0245455920796729,0.12433876224820946,0.2347598858536561
cifar10,53,1.0,0.9997003660817765,0.02520091079743918,0.0252471788000898,0.12690175380889018,-0.016465289475119438
cifar10,54,0.0,0.4851365243997566,0.0147630339744284,0.0144503617966192,0.0949998821261139,1.0
cifar10,54,0.25,0.7020138153289165,0.02136275725486094,0.0214401443673714,0.11584354757178436,0.7545959717949133
cifar10,54,0.5,0.881158212515883,0.02681424294803138,0.026426853705568843,0.12958965876275969,0.49307927480508323
cifar10,54,0.75,0.969299825167947,0.0294964520926702,0.029990307029378122,0.1382561015265455,0.24932854193926723
cifar10,54,1.0,1.0008880340339021,0.030457702745270383,0.02913701021820752,0.136955974572122,0.0025241925680118196
cifar10,55,0.0,0.2683309982127246,0.006711554125958299,0.0069649520571429,0.0669528638585159,1.0
cifar10,55,0.25,0.6016531430760775,0.015048681150162321,0.01566966653711666,0.1003215398630043,0.7390639961240802
cifar10,55,0.5,0.8411460013987201,0.02103892935897578,0.0212571906974012,0.11625687477666773,0.4816292609232731
cifar10,55,0.75,0.9560187191883426,0.0239121511193249,0.02338802529467686,0.12224932837879343,0.2589346538112012
cifar10,55,1.0,0.9982085105376777,0.02496741148838396,0.02492745568383618,0.12562040133220628,0.003894218291973779
cifar10,56,0.0,0.3008711011130093,0.0082182195989056,0.0077716347947017,0.070518725412474,1.0
cifar10,56,0.25,0.581716340889558,0.015889437755959718,0.01569638104705758,0.10018840967218552,0.7510144447996184
cifar10,56,0.5,0.8045770223473967,0.02197682206574208,0.02228004176227312,0.11937769052939629,0.5082652025341792
cifar10,56,0.75,0.9490934336385843,0.025924252042377298,0.025709022065594576,0.12807621495459282,0.2560599954242204
cifar10,56,1.0,0.9994864694914384,0.02730072533397044,0.02637707436747208,0.13071434070401833,0.00638237777952194
cifar10,57,0.0,0.5783965235892916,0.0178265503865432,0.0180926958057587,0.105946421404322,1.0
cifar10,57,0.25,0.779843926479752,0.02403528804558052,0.02468654141851644,0.12417458926645639,0.7482055138990269
cifar10,57,0.5,0.900150028751157,0.02774319897948634,0.027979213367580878,0.13267668184086207,0.49078798987589123
cifar10,57,0.75,0.9760313299905411,0.03008190916319566,0.0292362001856321,0.13641532374360862,0.23922876648581387
cifar10,57,1.0,0.9992552872391485,0.03079768636306208,0.030026737661234038,0.1389416858458107,0.0011527128921209606
cifar10,58,0.0,0.2963089975730342,0.0099954886043899,0.009943895346496,0.0805404777640929,1.0
cifar10,58,0.25,0.5973573899831675,0.0201508527693397,0.01975467628548766,0.11213190296196278,0.7587240926492042
cifar10,58,0.5,0.8269985116624087,0.02789741204916184,0.02811499058362642,0.1335305506152861,0.5039424762072036
cifar10,58,0.75,0.9693209061926622,0.03269842006555186,0.031505961784347856,0.14294183102280664,0.23059957872481127
cifar10,58,1.0,1.0001520139383175,0.033738455935729786,0.03420097602827154,0.14816158763915982,-0.008963963232543521
cifar10,59,0.0,0.5614360927750447,0.028402788246043597,0.028139245320713303,0.1346207909332162,1.0
cifar10,59,0.25,0.7412267401617161,0.03749831265578048,0.0367774730700654,0.15332507257882305,0.7443464471097343
cifar10,59,0.5,0.8699215145426888,0.04400892084815356,0.04288849617034074,0.16635916580138804,0.5054809823022566
cifar10,59,0.75,0.9594193917271406,0.04853657642080465,0.04928520384898786,0.17805446676171421,0.2657722631579512
cifar10,59,1.0,1.0001988171447636,0.05059958839997244,0.04908374506563394,0.177450450259907,0.020486864054595683
cifar10,60,0.0,0.3748311792587236,0.0104603059287822,0.0102521047650374,0.0807262105066012,1.0
cifar10,60,0.25,0.6312941128719955,0.01761734326567914,0.01712863240958108,0.10351310671046945,0.7527884785131767
cifar10,60,0.5,0.8426862679501284,0.023516603347070557,0.022595362894794878,0.11998527663451061,0.5039311637837285
cifar10,60,0.75,0.9683196294572195,0.02702261743806584,0.02675766765304536,0.13040477605552542,0.2507380401998686
cifar10,60,1.0,0.9992068052959497,0.02788457697192362,0.02826738670699828,0.133810304607826,-0.00222505238124558
cifar10,61,0.0,0.3981540502797605,0.0115397318100085,0.0111801213010682,0.0847915024213574,1.0
cifar10,61,0.25,0.6520921326660515,0.018899640280176398,0.01881816584527134,0.10957223377897178,0.7647136615168901
cifar10,61,0.5,0.8531379798793293,0.02472656871837018,0.02447574141629982,0.12483541329301673,0.5016791433735612
cifar10,61,0.75,0.9532398829514754,0.02762783046445158,0.02667165742166578,0.131043367746908,0.24945481036847164
cifar10,61,1.0,1.0009908499945088,0.029011800696471003,0.02891316574803738,0.13514010713249938,-0.00541543417134712
cifar10,62,0.0,0.4290508515268427,0.013933742014311298,0.0133782468689427,0.0927461338223913,1.0
cifar10,62,0.25,0.6634908486416584,0.02154735337531652,0.02068530975500544,0.11474390307925952,0.7500532001792459
cifar10,62,0.5,0.8396414080537342,0.02726797236905586,0.02684471001145648,0.13031543220170605,0.48848991592922497
cifar10,62,0.75,0.9626657447654168,0.031263278200805523,0.0316604537704658,0.1420396581052613,0.2314679528171406
cifar10,62,1.0,0.9995875014140447,0.03246233940771466,0.03287015135004346,0.1436587244907371,0.00426635311912488
cifar10,63,0.0,0.5106346387284202,0.0230616098214759,0.0229419011840795,0.1202771557137006,1.0
cifar10,63,0.25,0.7098848290131416,0.032060275005341275,0.03193470722490582,0.14232373902956874,0.7399158404158517
cifar10,63,0.5,0.8716950114029075,0.039368050483924236,0.03866221236003432,0.15627436235805672,0.5005884479584723
cifar10,63,0.75,0.9712928107225954,0.043866150324365985,0.04124068510114126,0.1616268862357107,0.22566968415686733
cifar10,63,1.0,1.0005749946430396,0.0451886111389625,0.044251112236955936,0.1682452632310501,-0.00983953977192786
cifar10,64,0.0,0.2473332807863567,0.0070368385884858,0.0068534557515035,0.0659884657221024,1.0
cifar10,64,0.25,0.5836625582247947,0.016605687674996962,0.01658450860645244,0.10296375304601971,0.7587394151659025
cifar10,64,0.5,0.8082449331708667,0.02299524397445586,0.0222463905660186,0.11804035507477781,0.4966690890658077
cifar10,64,0.75,0.9549182939957352,0.02716822369669094,0.02702948159378634,0.13098780929271603,0.24731957947211125
cifar10,64,1.0,1.0002633596718136,0.02845832871989028,0.02823422924841968,0.13337035684538945,-0.00698152235984596
cifar10,65,0.0,0.3286056696073737,0.0101733148866967,0.0103373824221833,0.0799972950772677,1.0
cifar10,65,0.25,0.6425161400088972,0.019891680566270963,0.02042020263625056,0.11376781290573197,0.7411671831880111
cifar10,65,0.5,0.8527373311395557,0.0263999260745848,0.024930599961364503,0.12633387694737422,0.4968407739504239
cifar10,65,0.75,0.9600117110200136,0.02972103750611606,0.02874973858805262,0.13540793898868905,0.2663337804351321
cifar10,65,1.0,0.9991931531416565,0.03093405719897354,0.0298088275834065,0.13750716072262237,0.0013751436521225202
cifar10,66,0.0,0.3140889196989088,0.0098370876510923,0.0101866739896402,0.0811103325490971,1.0
cifar10,66,0.25,0.6141924044196323,0.0192361593739215,0.02016283751475564,0.113075849559332,0.7573632461910487
cifar10,66,0.5,0.8236647358537216,0.02579671454018178,0.02588490950946968,0.12865647383086348,0.4940069864648409
cifar10,66,0.75,0.953216282964811,0.029854195859446642,0.03071306703844326,0.13968420949537588,0.24050929208822022
cifar10,66,1.0,0.9995717213711519,0.0313060220211117,0.030936500464219797,0.14017078041289252,0.0016700014553850395
cifar10,67,0.0,0.3489743241450342,0.0090804169601606,0.0094151498133555,0.0776275613238692,1.0
cifar10,67,0.25,0.6349843572685765,0.01652248411485404,0.01714503923032652,0.10406852243257454,0.7478519777574364
cifar10,67,0.5,0.836720198522416,0.02177171142944672,0.02157409520653168,0.11624738348029857,0.487641973596259
cifar10,67,0.75,0.96018073221106,0.024984191679285738,0.025211388060923316,0.12667857798478574,0.25615780278784506
cifar10,67,1.0,1.0012052461771423,0.0260516618816068,0.0246368115819943,0.12463971434750003,0.005424359820688121
cifar10,68,0.0,0.4389203675545453,0.0152499332014412,0.0159856283316824,0.10202655219752929,1.0
cifar10,68,0.25,0.6912181612434114,0.024015816001692218,0.02404830629088258,0.12398937746286416,0.7495108378936056
cifar10,68,0.5,0.8704705314743213,0.03024379463811696,0.03079775952687678,0.13908244060270994,0.4997258866339349
cifar10,68,0.75,0.9686850796769143,0.03365617968610214,0.03352089892169454,0.145681190181091,0.23679299616937946
cifar10,68,1.0,1.001186055527717,0.034785399807437264,0.0353371773589567,0.15007909541630443,-0.02907659795277398
cifar10,69,0.0,0.6064914306102324,0.030677251222716,0.0291381665178592,0.1369317909277452,1.0
cifar10,69,0.25,0.7839697559816361,0.039654372578787546,0.038921937664896746,0.1564948068479398,0.7470000440050624
cifar10,69,0.5,0.9128440958682728,0.046173031048349376,0.044955903777631326,0.1678626272560041,0.5054456870546264
cifar10,69,0.75,0.9850655095388369,0.049826099070435656,0.0496033369681404,0.17874334746995546,0.252410405412825
cifar10,69,1.0,0.9995025688296106,0.05055634730219501,0.05105440692174904,0.17794784532417846,-0.0002543712350358801
cifar10,70,0.0,0.3497671252897442,0.0114615661966752,0.0118674861590303,0.0871676460549436,1.0
cifar10,70,0.25,0.6498352035518463,0.021294537604897558,0.0209810557264175,0.11462262323447232,0.7413545666712762
cifar10,70,0.5,0.8483716255032151,0.02780040444633274,0.0278954838713197,0.13443479880342762,0.502704484344288
cifar10,70,0.75,0.9644170968131667,0.03160311417824816,0.03190344360988582,0.1420110316517319,0.2512990749977805
cifar10,70,1.0,1.001110940398068,0.03280553969754302,0.03339430083515902,0.1463808802139035,0.02012803757776106
cifar10,71,0.0,0.42136232759545156,0.0180261797284571,0.0185096414053898,0.1078162367280743,1.0
cifar10,71,0.25,0.6590756280367812,0.02819572360309186,0.02891125514127014,0.13497551583364042,0.7589158688217644
cifar10,71,0.5,0.8462563070360265,0.03620344603188608,0.037066093311743556,0.15181239515710968,0.48937936754750017
cifar10,71,0.75,0.9614251349186794,0.04113045030959568,0.04036461283005132,0.16008483705542267,0.2539761361931884
cifar10,71,1.0,1.000178658041929,0.042788353560978196,0.03970388060379762,0.1592146188613024,0.0008309396071839601
cifar10,72,0.0,0.3261820171985999,0.0113259846031599,0.0112742675061657,0.0832625115221009,1.0
cifar10,72,0.25,0.5989374376990628,0.02079684298937108,0.02077980427121424,0.1141619232199735,0.7505198431845966
cifar10,72,0.5,0.8163024697340843,0.02834438661926738,0.029070817789612218,0.13559376329096692,0.4907374958798723
cifar10,72,0.75,0.9554938442217417,0.03317751438602594,0.033198691615589124,0.14519888608486684,0.24770209086060882
cifar10,72,1.0,0.9980059751736974,0.03465365873250044,0.0345493265017505,0.1475599816413148,-0.00118080916689418
cifar10,73,0.0,0.6917264494547419,0.0344434842332838,0.0329646176951813,0.1447039262810321,1.0
cifar10,73,0.25,0.8278799940063027,0.0412230463980153,0.04043611884916728,0.16163848310199092,0.7424647458239063
cifar10,73,0.5,0.9023108352852939,0.0449292188453517,0.0445905368417278,0.16902695747686022,0.5025627018832121
cifar10,73,0.75,0.9782344523152823,0.04870972182910726,0.047936927972587404,0.17455441998899715,0.2586917999773317
cifar10,73,1.0,0.9994508492105162,0.049766160588278756,0.0496685878645825,0.17677958314314574,0.030755144632801757
cifar10,74,0.0,0.3220004034781399,0.0099054683821257,0.0100109196383264,0.0786305126155919,1.0
cifar10,74,0.25,0.6087693768936215,0.0187271374497999,0.018742394944103218,0.10880307353862828,0.7532972570280542
cifar10,74,0.5,0.819567935109386,0.025211782906294538,0.025323627612401922,0.12605784215203367,0.5084783385112855
cifar10,74,0.75,0.9541476793388985,0.02935176343719012,0.02843351360477326,0.13349474624133,0.25028871476950815
cifar10,74,1.0,0.9993534909254997,0.03074239752498188,0.03088106004679516,0.13905827430174253,-0.00177033933809254
cifar10,75,0.0,0.6347795037594087,0.026122967280106303,0.0283224328916181,0.1325266906972275,1.0
cifar10,75,0.25,0.788487174022914,0.03244847151774276,0.03445603624716204,0.14769382978831325,0.7459466458442916
cifar10,75,0.5,0.9138332843511238,0.03760681755664304,0.03863803882098976,0.15719605552533758,0.4796979684986723
cifar10,75,0.75,0.9741204103492155,0.04008780286025278,0.0414155884475236,0.16139866437652395,0.256680386029101
cifar10,75,1.0,1.0007639740221497,0.04118426066635944,0.04051661197521324,0.1601990659844837,-0.00693896256386896
cifar10,76,0.0,0.5866007774497702,0.031365595753443,0.0319571146877433,0.1432501346366499,1.0
cifar10,76,0.25,0.7763580015796061,0.04151193140820874,0.042603194752791576,0.16393150773744905,0.7594385858196494
cifar10,76,0.5,0.8747499767345259,0.046772959072558,0.04680599500297246,0.17274240785448042,0.5024289417799561
cifar10,76,0.75,0.9715265107158013,0.05194760895364507,0.0522787505041498,0.18118369213847205,0.2630614592472148
cifar10,76,1.0,1.000471789715147,0.053495315596672574,0.052756756058862195,0.18384606952429913,0.01427814103004526
cifar10,77,0.0,0.4317894877597633,0.0160353564213756,0.0171297498792451,0.10197834390380409,1.0
cifar10,77,0.25,0.6991661367798727,0.025964916976532,0.02640963338984768,0.12804812500360757,0.7463606069773338
cifar10,77,0.5,0.8573661424855226,0.03183998700316768,0.03328407005137596,0.14397429447870375,0.5108550557102657
cifar10,77,0.75,0.9687932980498841,0.0359780547541101,0.03742166942083072,0.1538845936396464,0.23585069852293286
cifar10,77,1.0,0.9998604368061009,0.0371317943820314,0.03774745216019318,0.1543458056817094,0.01126789598012736
cifar10,78,0.0,0.7154640869840468,0.047800825188967,0.048550745499353,0.1629716482406967,1.0
cifar10,78,0.25,0.8335185839524877,0.055688156607861417,0.055947784525024205,0.18007371139302034,0.7546117846078265
cifar10,78,0.5,0.9312227680289743,0.062215864578443233,0.06340032685975122,0.19457610344761084,0.504772845611615
cifar10,78,0.75,0.9862594396797943,0.06589291611523422,0.06337270922509006,0.19697750292822164,0.24238390514125782
cifar10,78,1.0,1.0009141396509993,0.06687201033430708,0.06597042463461852,0.2007615753288076,0.0069729706210816395
cifar10,79,0.0,0.3399496156299395,0.0126549473002557,0.012711482484946602,0.0909251452397051,1.0
cifar10,79,0.25,0.6173221833794089,0.0229804045622141,0.02297521803944582,0.12086827450013819,0.7502632775591496
cifar10,79,0.5,0.842608147536833,0.03136688853754242,0.031393479074551624,0.14185913146680892,0.4928323526851714
cifar10,79,0.75,0.9618379834659943,0.03580533241548508,0.0358899014968593,0.15084618070729294,0.24726693929018073
cifar10,79,1.0,1.0003264360025805,0.03723810161458048,0.038907212168624514,0.1573288602507056,0.00816344978427204
cifar10_gist512,0,0.0,0.288089568526836,0.0087229106225513,0.0085327515784265,0.0737098163305516,1.0
cifar10_gist512,0,0.25,0.6172394963046831,0.01868906599605952,0.01829140114596416,0.10731190351618854,0.75454720186973
cifar10_gist512,0,0.5,0.8403308369108663,0.025443929890382123,0.02401025824724356,0.12407355863061469,0.5071697995805869
cifar10_gist512,0,0.75,0.9646054881789936,0.029206775873330797,0.028664382806727402,0.13468892818866243,0.24515792773303907
cifar10_gist512,0,1.0,0.9997809048030153,0.03027183358052704,0.030531202543047718,0.13982542552023133,-0.0009848457170048477
cifar10_gist512,1,0.0,0.3273540552014279,0.0087264254102214,0.0091290265764009,0.0766017295447861,1.0
cifar10_gist512,1,0.25,0.6311501046329218,0.01682485438386782,0.0174798954555699,0.10560987289611554,0.7488702461292644
cifar10_gist512,1,0.5,0.8233222930511885,0.02194767550523486,0.02222349637930976,0.11889356815482417,0.5003383439073231
cifar10_gist512,1,0.75,0.9505116721083112,0.02533822042648664,0.025477918151503298,0.12689454503889658,0.26264932510812866
cifar10_gist512,1,1.0,0.9986238602031552,0.026620768829541695,0.02736868518767392,0.13250542373647564,0.005113105973496801
cifar10_gist512,2,0.0,0.2876023792821653,0.0064078601551515995,0.0066804539143502,0.0645497541291967,1.0
cifar10_gist512,2,0.25,0.5877951060402973,0.013096236716781302,0.013501538165348558,0.09217535173844413,0.7594395494753632
cifar10_gist512,2,0.5,0.8155004518473674,0.018169574483158542,0.01835086741843118,0.10758414110411647,0.5010141805434211
cifar10_gist512,2,0.75,0.9537299298560986,0.02124936529229694,0.021211395273331858,0.11518333804113323,0.24205262427878843
cifar10_gist512,2,1.0,0.9999130372777879,0.022278337634692603,0.022463241242431438,0.11981049488606117,0.00602484891569908
cifar10_gist512,3,0.0,0.3334309721856062,0.010558351497892,0.0100088474168082,0.0801323162727589,1.0
cifar10_gist512,3,0.25,0.6344932915839402,0.0200917243880649,0.019762578016834557,0.11188495742624874,0.7535806586628928
cifar10_gist512,3,0.5,0.8487332582450545,0.02687579983875684,0.02679769933481612,0.13094905189142333,0.49100998375547444
cifar10_gist512,3,0.75,0.9625640216552707,0.0304803396434437,0.03037594898596014,0.13952531994951436,0.23509424789561623
cifar10_gist512,3,1.0,1.0001242914963666,0.03166971484976738,0.031459960363390035,0.14122457719815604,0.00488977192197432
cifar10_gist512,4,0.0,0.2711225865590445,0.0057420122947705,0.0056773286954138,0.0595999658996629,1.0
cifar10_gist512,4,0.25,0.579159498073938,0.01226582042012742,0.012545661538111699,0.08838483756569485,0.7596171748045538
cifar10_gist512,4,0.5,0.7922715095177859,0.0167792466359376,0.016339444368382937,0.10158164563202157,0.5097613572851445
cifar10_gist512,4,0.75,0.9534827934551323,0.02019348514026968,0.0204846404329619,0.11451883004991052,0.2613866421189089
cifar10_gist512,4,1.0,1.0011480706302782,0.021202971701485142,0.02142486098713704,0.11775147519990829,-0.0003597562591164602
cifar10_gist512,5,0.0,0.3233095591370956,0.0102639929676951,0.0106132800757503,0.0830272061166587,1.0
cifar10_gist512,5,0.25,0.6594617399512239,0.020935696053617742,0.021106413805683122,0.11503291356552588,0.7363540056099875
cifar10_gist512,5,0.5,0.8407279894990985,0.02669029086239958,0.02702297959198554,0.13160375218996184,0.5019051864310969
cifar10_gist512,5,0.75,0.9590569653935651,0.03044683854907148,0.03097623295151112,0.1397619628957621,0.23973859811700798
cifar10_gist512,5,1.0,0.9999592015377166,0.031745347214472766,0.0310353329562728,0.14035093680293806,-0.0029489953706787198
cifar10_gist512,6,0.0,0.768423865622575,0.0191185008654678,0.0197546796333327,0.0997479435528477,1.0
cifar10_gist512,6,0.25,0.8641950906575318,0.0215013032882352,0.022056805755509577,0.1078884044039518,0.7564749840513676
cifar10_gist512,6,0.5,0.9403814939116716,0.023396832411827738,0.02435686461814566,0.11542575564297435,0.5044723053229914
cifar10_gist512,6,0.75,0.9856794523031395,0.024523852400996797,0.02451632685427518,0.1157796647802057,0.2569024771862326
cifar10_gist512,6,1.0,0.9988116305732564,0.02485058296319672,0.0244192482528778,0.1168905283660204,-0.01904331908632704
cifar10_gist512,7,0.0,0.22764735668471753,0.0044769207218839,0.00448114634792,0.0545417706797965,1.0
cifar10_gist512,7,0.25,0.5847844479965907,0.01150039100474726,0.01154163092647978,0.0857029165044924,0.7489589649905095
cifar10_gist512,7,0.5,0.8025872567600991,0.01578370850967372,0.01576584624847876,0.09985404396651738,0.5056804160418303
cifar10_gist512,7,0.75,0.9470203896868863,0.0186241354539764,0.018811561182915982,0.10983407952110409,0.257275982150282
cifar10_gist512,7,1.0,0.999265937573339,0.019651598190049323,0.0202457067024541,0.11394048543907279,0.00745729555795408
cifar10_gist512,8,0.0,0.2927860436235158,0.0068126112021869,0.007348297984780901,0.0680512189485934,1.0
cifar10_gist512,8,0.25,0.5888684852000812,0.013701923729832722,0.014309864238258979,0.09512831324424456,0.75963072895439
cifar10_gist512,8,0.5,0.8246766590815156,0.01918876110455954,0.0184783042005024,0.10859768816757986,0.5026710074051186
cifar10_gist512,8,0.75,0.9519887770710307,0.02215108796432194,0.02190414948935766,0.11873238824575935,0.24995644462911346
cifar10_gist512,8,1.0,0.9985486663819627,0.02323445389108074,0.0228093007951187,0.12033856264149749,-7.851687835597893e-05
cifar10_gist512,9,0.0,0.3027697517871934,0.0075705259528797,0.0073059423824253,0.0682386294957832,1.0
cifar10_gist512,9,0.25,0.5943170308512664,0.014860442563167,0.014557480852665039,0.09614919313984426,0.7492594735770749
cifar10_gist512,9,0.5,0.8208737698093291,0.02052532045125712,0.0203137233091853,0.11379713366496347,0.4917118521240906
cifar10_gist512,9,0.75,0.9502380783821849,0.023759975992790523,0.02410187857564188,0.12343034006984,0.251689384658317
cifar10_gist512,9,1.0,0.9997782367996242,0.02499868974406582,0.02544847832014676,0.12705930479463173,-0.02287807908248648
cifar10_gist512,10,0.0,0.3602942859336915,0.0109350231432562,0.0112889307396006,0.0830025445994735,1.0
cifar10_gist512,10,0.25,0.6546588790451398,0.01986906335398912,0.02004619236658256,0.11185932784938354,0.7446697724926981
cifar10_gist512,10,0.5,0.8481228572221827,0.025740744258586478,0.026428308111012523,0.12899984915672977,0.49482982901894446
cifar10_gist512,10,0.75,0.9693603992474156,0.0294203344703541,0.0308853664141521,0.13941801787781194,0.2590896173800862
cifar10_gist512,10,1.0,1.0005320244498184,0.03036640121720202,0.030372158678054862,0.1386910493614859,0.01792370184012766
cifar10_gist512,11,0.0,0.3296034090468474,0.0084383926839264,0.0091296952608436,0.0769837764943074,1.0
cifar10_gist512,11,0.25,0.6246084238379126,0.015991009223097978,0.01614769077296168,0.10162369375581244,0.7372481812692071
cifar10_gist512,11,0.5,0.8318301354381485,0.02129622794087416,0.0212730337696586,0.11710331792723652,0.5063141623329772
cifar10_gist512,11,0.75,0.9630347291764781,0.02465528265180922,0.02501606939876066,0.12562125745408012,0.23378470318455116
cifar10_gist512,11,1.0,1.0000095564282785,0.025601899413672503,0.02518752168063802,0.12682106032640394,0.016266088072547442
cifar10_gist512,12,0.0,0.2337115698551416,0.0050729131601132,0.0048897826273316,0.05690044661271319,1.0
cifar10_gist512,12,0.25,0.5713866423672107,0.01240244468587562,0.01209397365056066,0.08728349498981636,0.7378573007067157
cifar10_gist512,12,0.5,0.7959004852016985,0.01727571317082314,0.0171661998367306,0.1050446547994627,0.5092522895432702
cifar10_gist512,12,0.75,0.9475006613609992,0.020566327021008978,0.0200497212567982,0.11327759883654709,0.2444737365189223
cifar10_gist512,12,1.0,0.9993211294870475,0.02169113541146564,0.021964460306695098,0.11766646060876709,0.01336508397238996
cifar10_gist512,13,0.0,0.360793866352381,0.0099292683463293,0.009909589083781,0.0796204808006838,1.0
cifar10_gist512,13,0.25,0.6280490459627692,0.01728429470009274,0.0171853927847778,0.10453668879252245,0.7511743191475989
cifar10_gist512,13,0.5,0.8347894515441651,0.02297391738076692,0.0223309333629217,0.11846645834559255,0.5130291537642366
cifar10_gist512,13,0.75,0.9480749496365248,0.02609160372526816,0.025109490611276042,0.12575572439102908,0.2773415640677685
cifar10_gist512,13,1.0,1.0009112866300314,0.027545692104734197,0.027543658364129642,0.13212220747526598,-0.016707735524980262
cifar10_gist512,14,0.0,0.347819231083793,0.0088433392055197,0.0088763266092589,0.0724167275851315,1.0
cifar10_gist512,14,0.25,0.6265711009711759,0.01593063375190196,0.01630511891097308,0.09975161640695737,0.744769067247409
cifar10_gist512,14,0.5,0.825388121228273,0.02098557664417878,0.0208686201504965,0.1143044221640189,0.49423828294426536
cifar10_gist512,14,0.75,0.9628053295851412,0.02447942309536194,0.02413517632013406,0.1231741490184762,0.24809574009412408
cifar10_gist512,14,1.0,0.9990704065015674,0.02540146635181706,0.025602803339694356,0.12564025602314177,0.00963682812639256
cifar10_gist512,15,0.0,0.4046041980946297,0.0105274428561542,0.01036183657712,0.0794536432337421,1.0
cifar10_gist512,15,0.25,0.64733916289085,0.01684319163759706,0.016626416203637962,0.10119849043189491,0.757054293131587
cifar10_gist512,15,0.5,0.8515543675536621,0.02215669037925564,0.02220720673322192,0.11763132191681913,0.5018306553265769
cifar10_gist512,15,0.75,0.9695948925198439,0.025228000284451678,0.02480644234361648,0.12491265186773774,0.24012177134025453
cifar10_gist512,15,1.0,0.99887625875746,0.02598987549797708,0.02511709620689468,0.12432093882362634,0.005862838804401419
cifar10_gist512,16,0.0,0.6048399784509068,0.0233692677754353,0.0228189882208693,0.12039978739695198,1.0
cifar10_gist512,16,0.25,0.7929756402310667,0.0306382857221486,0.03139301673172758,0.14172882141195026,0.7527052280398311
cifar10_gist512,16,0.5,0.9173824413972123,0.03544500477696878,0.03470939209090014,0.14827606014190559,0.5090714310384193
cifar10_gist512,16,0.75,0.9793933847302438,0.037840928312758336,0.03709297463708934,0.15285651000291492,0.2423018428436822
cifar10_gist512,16,1.0,0.9994768488467454,0.038616895291658945,0.038701839094072474,0.1567156503848262,0.005832752682633541
cifar10_gist512,17,0.0,0.1932239956761208,0.0032743584243146,0.0030852788886497,0.0443293877614733,1.0
cifar10_gist512,17,0.25,0.5579764053696641,0.00945542367601898,0.00929186259016864,0.07741552193372532,0.7367545124763906
cifar10_gist512,17,0.5,0.8037493810022986,0.013620272924766119,0.01366357682249956,0.09325967116477465,0.5022358875367487
cifar10_gist512,17,0.75,0.9533273993254092,0.01615501009690038,0.01565378830952156,0.0998866148152035,0.2556228223047395
cifar10_gist512,17,1.0,1.0010500592510005,0.01696371448690788,0.01681330497161488,0.10357189055520884,-0.0043152207561313405
cifar10_gist512,18,0.0,0.3606995009682102,0.0105963719748485,0.0109261816846116,0.0820487013739862,1.0
cifar10_gist512,18,0.25,0.6410955342876474,0.018833646108440037,0.01806101402165118,0.10632923421182985,0.7390410824844083
cifar10_gist512,18,0.5,0.8166433295451343,0.0239907636894728,0.02390064908847704,0.12281875165244027,0.5132572001312846
cifar10_gist512,18,0.75,0.964977768849258,0.02834842676171976,0.028531022005212497,0.1349856129330293,0.23930363589037945
cifar10_gist512,18,1.0,1.0001136508374824,0.029380623574335917,0.028635338037287482,0.13569757494506432,-0.0063431501738525605
cifar10_gist512,19,0.0,0.23883766630753162,0.0060826520395321,0.0060531546402495,0.06122544392598199,1.0
cifar10_gist512,19,0.25,0.5742209668257389,0.01462410175498578,0.01478349217293334,0.09628095015732892,0.754996017461511
cifar10_gist512,19,0.5,0.821665842016469,0.0209259598246114,0.02139151139155404,0.11597003651599028,0.5055258007613106
cifar10_gist512,19,0.75,0.9561078945903461,0.02434989306734548,0.023773919407234077,0.12375570879260833,0.2654466122335958
cifar10_gist512,19,1.0,0.9995214206546488,0.02545553681667892,0.02500068373620028,0.12610885107073838,-0.01260707907567272
cifar10_gist512,20,0.0,0.44435420496871086,0.0150878894276044,0.0156690915050727,0.0999035456943936,1.0
cifar10_gist512,20,0.25,0.6751959141550289,0.02292603778883724,0.02342733386658688,0.12236671665783332,0.7381302962495235
cifar10_gist512,20,0.5,0.8467823636106081,0.0287521948223761,0.02981979088888632,0.13748197211193708,0.5068905739319334
cifar10_gist512,20,0.75,0.9513930813390218,0.03230421463985434,0.032732026707747316,0.1440296350242193,0.2604707027796073
cifar10_gist512,20,1.0,1.0009310557397593,0.03398625899066332,0.03425447375832592,0.1472645838889053,0.008495316917680459
cifar10_gist512,21,0.0,0.4933167516638609,0.0195738122306174,0.0203205785206433,0.1139504094513839,1.0
cifar10_gist512,21,0.25,0.7195435932137879,0.028550036336303562,0.02796871714302936,0.13395309447096476,0.7573410951378723
cifar10_gist512,21,0.5,0.8621255309797329,0.034207399618404,0.03409131874126668,0.14704969550043887,0.5007344233424494
cifar10_gist512,21,0.75,0.9722807724360762,0.03857813709125994,0.038827545585199005,0.15726482497898805,0.2575446123631052
cifar10_gist512,21,1.0,0.9989349030165302,0.03963571915266874,0.0384908730465381,0.15746048584741476,0.00178767819254632
cifar10_gist512,22,0.0,0.7132863495361073,0.0262272286541666,0.0283748397478855,0.1329478741836991,1.0
cifar10_gist512,22,0.25,0.844237636384829,0.031042250482318023,0.03241694261582218,0.14214488052036112,0.7531719427005188
cifar10_gist512,22,0.5,0.9359827595224657,0.03441567873311852,0.034472564257644424,0.1472207743855135,0.49315066262882035
cifar10_gist512,22,0.75,0.9901752929179786,0.0364083146017806,0.037268039663349885,0.15386064325337642,0.24759479980456414
cifar10_gist512,22,1.0,1.0007048392700066,0.036795481438744324,0.03531200291350614,0.15036448558847645,-0.008130203010730561
cifar10_gist512,23,0.0,0.5616411495077116,0.0236081123549418,0.0227807874454278,0.12084122894366309,1.0
cifar10_gist512,23,0.25,0.7575475015675552,0.0318428707492109,0.030578644862451883,0.14031162811707287,0.7361094085971925
cifar10_gist512,23,0.5,0.8793550852730931,0.03696294986792376,0.03631518200670924,0.15219291926142892,0.49661661477683905
cifar10_gist512,23,0.75,0.9685120772852296,0.04071058888350528,0.04108553856364166,0.16177826596538192,0.23421060166246194
cifar10_gist512,23,1.0,1.0016769627649276,0.04210464689248446,0.0418753197864631,0.16369222434975778,0.007164392859704621
cifar10_gist512,24,0.0,0.3155301678512666,0.008675666273611,0.0086852627239842,0.0752492506982298,1.0
cifar10_gist512,24,0.25,0.6205467386496795,0.01706225572142462,0.01709357816915642,0.10408525079483213,0.7424248168644839
cifar10_gist512,24,0.5,0.8247870145213524,0.0226779484621838,0.0221299172639338,0.11985090315839583,0.49297165239738927
cifar10_gist512,24,0.75,0.9507441372367106,0.026141205141899538,0.025099159749394362,0.12648967353864066,0.2645582476050691
cifar10_gist512,24,1.0,1.001001551139073,0.02752305890808892,0.02712082349212428,0.1311595555875955,-0.02488870265063638
cifar10_gist512,25,0.0,0.44738525161589815,0.0125407799682332,0.013071408431498599,0.0864122418791237,1.0
cifar10_gist512,25,0.25,0.7006167509237049,0.01963918230128888,0.0199642782783145,0.11034648523767246,0.7553324527312215
cifar10_gist512,25,0.5,0.8649608943977833,0.024245958530348923,0.025404910396250056,0.12324936048694375,0.4886511595455542
cifar10_gist512,25,0.75,0.9654443208383366,0.027062637303047997,0.027592157191351264,0.12932518219496,0.23088173268823659
cifar10_gist512,25,1.0,1.0002150286402354,0.02803730464916272,0.0281146128208854,0.13284595977089034,0.00063393997769418
cifar10_gist512,26,0.0,0.3028614652266878,0.0073518663880503005,0.007434969007882,0.0685242812736599,1.0
cifar10_gist512,26,0.25,0.5966255763580375,0.01448289737948236,0.01484652292125066,0.09668932834343921,0.7437772453405043
cifar10_gist512,26,0.5,0.7990790211054679,0.0193973907914111,0.0194751022924114,0.11071990894678123,0.5102350107881019
cifar10_gist512,26,0.75,0.9492455276622103,0.0230426352973079,0.022958589254704502,0.12036070348811707,0.26349584909969687
cifar10_gist512,26,1.0,1.0008752696740644,0.024295930973720757,0.02422209763867382,0.12437339276427033,-0.011231028657831139
cifar10_gist512,27,0.0,0.3455968053306055,0.0116623062864871,0.0117443309819509,0.0862533303015899,1.0
cifar10_gist512,27,0.25,0.630450041558932,0.02127479585916668,0.021384504014424422,0.11655714688034542,0.7598633334694205
cifar10_gist512,27,0.5,0.8284658002638267,0.027956919049971263,0.028041327038232023,0.13328683242213687,0.5022319682069526
cifar10_gist512,27,0.75,0.9519641441061601,0.03212442143873146,0.03186835517720004,0.14187885766935332,0.25189542067721404
cifar10_gist512,27,1.0,1.0007888362924682,0.03377203075061582,0.03423118274900216,0.14824523787458385,-0.0013677965915693004
cifar10_gist512,28,0.0,0.5122561160742071,0.0171823646841928,0.016759583815384,0.1034750408685976,1.0
cifar10_gist512,28,0.25,0.7320124240820334,0.0245535466132247,0.02343898156339966,0.1216262024989141,0.7557561846123064
cifar10_gist512,28,0.5,0.8737117876033326,0.02930650136211102,0.0296214304272742,0.13747284948647384,0.4950450408294499
cifar10_gist512,28,0.75,0.967992639635239,0.032468919401672236,0.03273809778699796,0.14383704459892993,0.26388066996141957
cifar10_gist512,28,1.0,1.0007003897317104,0.033566019997491384,0.03421671017587548,0.14656974454585908,0.011064363121002601
cifar10_gist512,29,0.0,0.3929532390076097,0.0122937818772505,0.0116504693429535,0.0854734557569176,1.0
cifar10_gist512,29,0.25,0.6506375000927462,0.02035559123396076,0.01936632097219776,0.11018042054644746,0.7502447092728228
cifar10_gist512,29,0.5,0.8556783682569549,0.026770419918154542,0.02692844833938262,0.13041999148380018,0.5072754347469349
cifar10_gist512,29,0.75,0.9631984088301759,0.03013425000027458,0.029818801416945363,0.13799866443149286,0.24792486513195322
cifar10_gist512,29,1.0,1.0013217905907528,0.031326963262980664,0.03152903831762396,0.1410271007834995,0.009533272701916581
cifar10_gist512,30,0.0,0.3697188124810742,0.0087876866801331,0.0092324256378258,0.0763236459233517,1.0
cifar10_gist512,30,0.25,0.6311058671087613,0.015000482623343558,0.01518116998107596,0.09784346755988745,0.7538638579256889
cifar10_gist512,30,0.5,0.8314262732688092,0.01976181178903654,0.020013651501270678,0.1121516717110472,0.5018426182936571
cifar10_gist512,30,0.75,0.9645300106002365,0.022925497000979077,0.023333097410379082,0.12035933819475426,0.23917873195250133
cifar10_gist512,30,1.0,0.9975264568773691,0.02370977527314876,0.02427962144581384,0.12388377340910799,0.01972122591025192
cifar10_gist512,31,0.0,0.22390104147755743,0.0036587873275338,0.0036709429416229996,0.0477214390097546,1.0
cifar10_gist512,31,0.25,0.5533336340069206,0.00904207535008584,0.00894682906526392,0.07543509156314994,0.7503046387567623
cifar10_gist512,31,0.5,0.8099363029977672,0.01323524295359238,0.01366938298142204,0.09251104034842807,0.48704807679225154
cifar10_gist512,31,0.75,0.9545275005706106,0.015598020892727141,0.01572070854272764,0.1001111978690024,0.2464740117535858
cifar10_gist512,31,1.0,0.9974575259833444,0.01629954435110084,0.0163563823164293,0.10237641762250907,0.00160582172427488
cifar10_gist512,32,0.0,0.3821491022116275,0.0130812122323516,0.012604240242012298,0.0902692009274743,1.0
cifar10_gist512,32,0.25,0.6503873363540328,0.02226318138873836,0.02177206164756204,0.11805187855112162,0.7480399514201135
cifar10_gist512,32,0.5,0.8486134145875471,0.029048588928236842,0.029369180506743704,0.1360719316086266,0.4902723728362156
cifar10_gist512,32,0.75,0.9659483643314488,0.03306504054617704,0.032590242934811484,0.14370974634414607,0.25025307470771097
cifar10_gist512,32,1.0,1.0004794421187426,0.03424706179006648,0.03414847994153768,0.14744519652560184,0.00568205108633812
cifar10_gist512,33,0.0,0.2243339291891191,0.0033235208570473,0.0032724819305503,0.0461120373709946,1.0
cifar10_gist512,33,0.25,0.5433778214853802,0.00805017559979144,0.0080206535933812,0.07101444419987243,0.7510206736026397
cifar10_gist512,33,0.5,0.7787738154687142,0.01153758162212994,0.01170995001934744,0.08589168419719946,0.5021060862822931
cifar10_gist512,33,0.75,0.9461307110470651,0.01401698424765272,0.014153451659020442,0.0949881544211961,0.24133377924087646
cifar10_gist512,33,1.0,1.0010603835397338,0.01483077069921646,0.01422095400422764,0.09467756009772688,0.01223844276606604
cifar10_gist512,34,0.0,0.5389953031190007,0.0223183979168705,0.0225691134445959,0.11895272866992541,1.0
cifar10_gist512,34,0.25,0.7338842289527603,0.03038824299934052,0.03075204363108166,0.13917785554671885,0.7538108160395963
cifar10_gist512,34,0.5,0.8787823021473864,0.03638809649756572,0.03818219242441766,0.15512437514776894,0.5015922245812365
cifar10_gist512,34,0.75,0.9725192791824062,0.04026950166174068,0.04145971109233626,0.16295153221187336,0.25753018314960824
cifar10_gist512,34,1.0,1.0013879694067924,0.041464879269000596,0.04166198506573288,0.1617014877973591,0.007469178618476499
cifar10_gist512,35,0.0,0.3379655210559542,0.0087130814666256,0.0081762477789343,0.0715004039673613,1.0
cifar10_gist512,35,0.25,0.6394352501059616,0.016485265743670142,0.01590354325608814,0.10004565117772815,0.7553331354111594
cifar10_gist512,35,0.5,0.8629954129198975,0.0222488652528858,0.02259014481019854,0.12005753524114957,0.483105977535548
cifar10_gist512,35,0.75,0.9681478110473231,0.02495979685452578,0.02444743500154112,0.1244847964126031,0.2488637784751197
cifar10_gist512,35,1.0,1.0003444968934199,0.025789858885279338,0.02609062696462086,0.12823259741671875,0.0036523667642726796
cifar10_gist512,36,0.0,0.3177550354140334,0.0099507500739418,0.0095132493441819,0.0788746646286909,1.0
cifar10_gist512,36,0.25,0.5781592912512277,0.01810551515783862,0.01778619054171818,0.10711643640981428,0.7531947473372236
cifar10_gist512,36,0.5,0.8274163286196794,0.025911196285103338,0.02509753160808988,0.12616354407644598,0.5123714120549664
cifar10_gist512,36,0.75,0.9561059628220541,0.029941213890918077,0.03048881190465282,0.13993071912084512,0.25255837020952204
cifar10_gist512,36,1.0,0.9987981461624085,0.0312781533542919,0.030527763412588237,0.1403602993974964,-0.007645748225702
cifar10_gist512,37,0.0,0.3062589971383649,0.0081623909913138,0.0080290454786299,0.0710136658811184,1.0
cifar10_gist512,37,0.25,0.6171966083209139,0.01644947604054242,0.01595629292398634,0.10089358162280646,0.7532942596635939
cifar10_gist512,37,0.5,0.8243333626208103,0.02197006871884866,0.02139560953147946,0.11688542554269521,0.5194784945418676
cifar10_gist512,37,0.75,0.9563627314634745,0.025488905196796578,0.02512432397382024,0.12628861571240252,0.2624258616427248
cifar10_gist512,37,1.0,1.0007261832064747,0.026671276465017817,0.026921306768697077,0.13126751466638908,0.009585386108551561
cifar10_gist512,38,0.0,0.3330921321507941,0.0076621901397748,0.0076653708342708,0.0707260540817706,1.0
cifar10_gist512,38,0.25,0.6242929885998999,0.01436074623166184,0.01443299777864066,0.09596667157956588,0.7531931300979814
cifar10_gist512,38,0.5,0.8266897582327755,0.019016522765888822,0.0185653447506266,0.10892939685441053,0.5106001902705419
cifar10_gist512,38,0.75,0.9649869075193708,0.022197801911632842,0.02234935943516536,0.11846428082816893,0.24722405335385167
cifar10_gist512,38,1.0,0.9999440175256332,0.0230019278508302,0.02290645576995848,0.12065591847429083,-0.006121999655872021
cifar10_gist512,39,0.0,0.407572447705561,0.015438773280734699,0.0156840926597231,0.0992947247725915,1.0
cifar10_gist512,39,0.25,0.684928254933401,0.02594496291644634,0.0263177482059209,0.12947559641622747,0.7471331461820423
cifar10_gist512,39,0.5,0.85860384329058,0.032523763932411374,0.03144489332625146,0.14194115098976018,0.5115199859697981
cifar10_gist512,39,0.75,0.9631939494021765,0.0364856189222547,0.036093149476643584,0.15158473503823683,0.2700124473137306
cifar10_gist512,39,1.0,0.9993113260833171,0.03785373885581274,0.03801042457657424,0.1552275561657731,0.01581419347264956
cifar10_gist512,40,0.0,0.22818368830450328,0.0038549589739025,0.0034614704037751,0.0475599553419638,1.0
cifar10_gist512,40,0.25,0.5470230266495157,0.00924146393277594,0.00915404521023548,0.07658355506750379,0.7543124728825262
cifar10_gist512,40,0.5,0.8094579611744083,0.013675067024344002,0.013667180081422639,0.09357946295825145,0.5025388971117126
cifar10_gist512,40,0.75,0.9441184989146449,0.015950036161049043,0.01585950232899796,0.1002939717822204,0.24956729795641014
cifar10_gist512,40,1.0,1.0005394471272198,0.0169032175310421,0.0162865296596005,0.10177228118425119,0.0014978875072962998
cifar10_gist512,41,0.0,0.4067514306239035,0.0109795419333329,0.0110134348749208,0.0812775818850844,1.0
cifar10_gist512,41,0.25,0.6563605744874679,0.017717303267791217,0.0176440483412419,0.10396410929428165,0.7542153959690643
cifar10_gist512,41,0.5,0.8406471067753681,0.02269179519741992,0.02251882477731476,0.11807567118500903,0.5009814123406757
cifar10_gist512,41,0.75,0.9704422675677117,0.02619538806365106,0.026302717283488358,0.12727587398027243,0.24443397345246187
cifar10_gist512,41,1.0,1.0002719300537537,0.0270005875183163,0.026897171726606984,0.12979482264264908,0.00302935053413476
cifar10_gist512,42,0.0,0.2909933509521314,0.00694938503771,0.0073637521295345,0.0676106098272545,1.0
cifar10_gist512,42,0.25,0.5966076404731201,0.01424794139289258,0.014280252015560518,0.09491825470013324,0.7479135635653473
cifar10_gist512,42,0.5,0.8250007366434332,0.01970233256729212,0.0206907511130702,0.11384563180898484,0.5063891546373026
cifar10_gist512,42,0.75,0.9645513467438462,0.02303502356748836,0.02393564638892334,0.12285351455503235,0.23485596306659837
cifar10_gist512,42,1.0,1.0006291475976077,0.02389661895661412,0.02384283591565218,0.12292467294758407,-0.01710380757743544
cifar10_gist512,43,0.0,0.1535595460608389,0.0022291026128466,0.0021214064311108,0.0363182267802585,1.0
cifar10_gist512,43,0.25,0.5387032473408835,0.00781992944756918,0.007719722606357521,0.06970590104907046,0.7472481781858563
cifar10_gist512,43,0.5,0.7974434142366175,0.01157585603677088,0.01190687631433102,0.08699740178606062,0.4977140236455925
cifar10_gist512,43,0.75,0.9540489841791807,0.01384917537184494,0.01330911824215954,0.09199618627045666,0.24250341712359572
cifar10_gist512,43,1.0,0.9989102737209687,0.01450039127016264,0.01441933251174834,0.0956759211486918,0.0095557967971202
cifar10_gist512,44,0.0,0.3581563427293852,0.0102534815155276,0.0107559837760383,0.080129103207316,1.0
cifar10_gist512,44,0.25,0.6072185902392618,0.01738376191653078,0.018115872331353842,0.10624425163304503,0.7635181004703451
cifar10_gist512,44,0.5,0.8109341444772744,0.0232158341727052,0.02410006943909762,0.12208331365747727,0.5235231929500042
cifar10_gist512,44,0.75,0.956750494548924,0.02739033863276178,0.02789632057644978,0.13179053926928108,0.255181579596392
cifar10_gist512,44,1.0,1.0006312863682303,0.028646580206978238,0.0276950541036853,0.1314998661488075,0.00166610948489928
cifar10_gist512,45,0.0,0.2890309527641095,0.006578741230997301,0.006455709619434899,0.0635831814529231,1.0
cifar10_gist512,45,0.25,0.6138851091111316,0.01397286774922254,0.013941879498350079,0.09433857230697221,0.7485875071977243
cifar10_gist512,45,0.5,0.8288603859457954,0.01886600014155668,0.01881290676660688,0.1083107615672354,0.504001189721788
cifar10_gist512,45,0.75,0.9531936062557825,0.02169599490514022,0.02140918583282962,0.11667185414317904,0.25861853217811664
cifar10_gist512,45,1.0,1.0002435647025647,0.02276691654377584,0.02301587801630146,0.12039418433610491,0.00531662146163068
cifar10_gist512,46,0.0,0.542352840435543,0.0219693931843077,0.0220720280642735,0.1099802221854739,1.0
cifar10_gist512,46,0.25,0.745728119957396,0.03020763063171546,0.02961948762345412,0.1318241570517278,0.7524042951668158
cifar10_gist512,46,0.5,0.8764013521253213,0.03550088513713306,0.0349111060099693,0.14425608421799468,0.4968242385042941
cifar10_gist512,46,0.75,0.9692043355943826,0.03926010806453824,0.03940100667862606,0.15283465900491405,0.256018294189463
cifar10_gist512,46,1.0,1.0003418516308236,0.04052141303352838,0.04110397850314698,0.15717742188297504,0.0010508276884091004
cifar10_gist512,47,0.0,0.2901350043414087,0.0068101302229147,0.0071768155164661,0.0666675258100342,1.0
cifar10_gist512,47,0.25,0.610399674758263,0.014327472421207941,0.014723760860907719,0.09673322526699298,0.7588917535438047
cifar10_gist512,47,0.5,0.8185079899063517,0.019212249181761,0.01873215944582502,0.10921929244802872,0.5090292247421049
cifar10_gist512,47,0.75,0.9497660432209016,0.02229317503525274,0.021639349122644543,0.11775676244583885,0.254709533778632
cifar10_gist512,47,1.0,1.000344271879899,0.0234803614086929,0.0237636942089881,0.12341964617387044,0.0056306963577258005
cifar10_gist512,48,0.0,0.3186460437608266,0.0088698850484629,0.0084503354280493,0.0736905839670207,1.0
cifar10_gist512,48,0.25,0.6026104546863591,0.01677436631249048,0.01645394770779678,0.10227678670956006,0.7504236773796013
cifar10_gist512,48,0.5,0.8175061635006159,0.02275623952859458,0.023279350353777723,0.1223189889920657,0.49146328453707655
cifar10_gist512,48,0.75,0.9488064499506728,0.02641113646030232,0.02677487393315096,0.1305997053835288,0.24990757047798545
cifar10_gist512,48,1.0,0.9994250901377931,0.02782016547089398,0.02751361651521152,0.13204802728770185,-0.004612714172970939
cifar10_gist512,49,0.0,0.3839490444573425,0.014969921956982598,0.0142916728919839,0.0927681016010106,1.0
cifar10_gist512,49,0.25,0.6589693741545755,0.025692784616974478,0.02524293677458956,0.12582803579301055,0.7523311515701848
cifar10_gist512,49,0.5,0.8343122967710878,0.0325292904116127,0.03217305875831648,0.1415659880489912,0.5068944949988288
cifar10_gist512,49,0.75,0.9698051923865549,0.03781206973446756,0.038122453738935316,0.15526373156705686,0.2468358390690788
cifar10_gist512,49,1.0,1.0008757643953086,0.03902349100206634,0.037683655500901636,0.15430367683008045,-0.0024773347546393604
cifar10_gist512,50,0.0,0.6701113967979855,0.0388763949415195,0.0385035551280108,0.1564028138965375,1.0
cifar10_gist512,50,0.25,0.8145975072360748,0.0472587312512667,0.046862731876838606,0.17277005023763572,0.748526129407428
cifar10_gist512,50,0.5,0.9040981845437353,0.05245109731931472,0.053055302328675,0.18155492283478808,0.5101568456723091
cifar10_gist512,50,0.75,0.9798806944574286,0.05684760631638902,0.05656219726361972,0.1887907026218048,0.2519679875569508
cifar10_gist512,50,1.0,0.9996105682790419,0.057992231479459644,0.05958542385530664,0.19393412568178053,-0.029229625090461
cifar10_gist512,51,0.0,0.605574533115959,0.0275704787503853,0.0265893509498268,0.1230681987857352,1.0
cifar10_gist512,51,0.25,0.7846575398346757,0.03572373480936826,0.03553835420142712,0.14249597855420099,0.7530606250488098
cifar10_gist512,51,0.5,0.9060768433100661,0.041251689079720356,0.0408988190144981,0.15513494798444735,0.5087132711733562
cifar10_gist512,51,0.75,0.9765545298099878,0.04446038338861782,0.04432399186799346,0.16352140379063634,0.2520604060049586
cifar10_gist512,51,1.0,1.0003533163168725,0.04554388988004316,0.04513716279742438,0.1632616263802264,-0.01397413132028676
cifar10_gist512,52,0.0,0.4874456544919269,0.0089895522522903,0.0088018738084199,0.0738389223633478,1.0
cifar10_gist512,52,0.25,0.7147257495910179,0.01318108883071846,0.01271667132174332,0.08869651549478104,0.7464925296640392
cifar10_gist512,52,0.5,0.8934562026505862,0.01647726499322666,0.01623942617019096,0.1002722330478432,0.48588875467241116
cifar10_gist512,52,0.75,0.9766900718686113,0.0180122775830417,0.0183938712418839,0.10695663760549598,0.2456510979784201
cifar10_gist512,52,1.0,1.001530345851716,0.01847038596676518,0.0191021486097438,0.1081277747019288,0.006552004201729999
cifar10_gist512,53,0.0,0.3806314311815718,0.0107918282163661,0.0096135350624517,0.0793973549438215,1.0
cifar10_gist512,53,0.25,0.6280346305774447,0.01780631154416578,0.0167031450367033,0.10285189750709885,0.7602000588346771
cifar10_gist512,53,0.5,0.8327049479689302,0.02360921357835016,0.023402628786614123,0.12117731128765241,0.5085903388429325
cifar10_gist512,53,0.75,0.955977466311116,0.027104289740657723,0.027355767678737496,0.13219672611907324,0.2606139913055846
cifar10_gist512,53,1.0,1.0018230298402795,0.028404123137372738,0.028306915452616176,0.13459221697729404,-0.00970859463772886
cifar10_gist512,54,0.0,0.2250104428702356,0.0034395588446644995,0.0037634640289973,0.0485063447818532,1.0
cifar10_gist512,54,0.25,0.5563958005756657,0.00850518790413614,0.0089993425131881,0.07481476864047923,0.7530900067769012
cifar10_gist512,54,0.5,0.8006142535075572,0.012238364591836,0.01255153140799376,0.0892260182062215,0.5035771729564542
cifar10_gist512,54,0.75,0.9490606532252895,0.014507548726557202,0.01443560027873316,0.0957924245211534,0.2588286499455738
cifar10_gist512,54,1.0,0.9999676764814595,0.01528572461858584,0.01601503234695042,0.10071138754727231,0.00404897340896936
cifar10_gist512,55,0.0,0.2701393465085314,0.007073235146734901,0.0071726096341175,0.0672557386923148,1.0
cifar10_gist512,55,0.25,0.5742615769094228,0.0150362663629487,0.01552473291733544,0.0986196743237148,0.761398387948604
cifar10_gist512,55,0.5,0.8336441374905134,0.021827849550162558,0.02185399157241992,0.1161191272429174,0.49960622656390064
cifar10_gist512,55,0.75,0.9574041193750833,0.02506833807928388,0.02404494791221538,0.12260995669564641,0.2354043118299387
cifar10_gist512,55,1.0,1.0008769020865653,0.02620661437474208,0.02610833481261504,0.1292766617470497,-0.014279882037596841
cifar10_gist512,56,0.0,0.201312017473695,0.0032472577138282998,0.0032417706450041,0.0455369511860155,1.0
cifar10_gist512,56,0.25,0.5603415785297301,0.00903857373292268,0.00898723259015608,0.0756986502753029,0.7407793723444993
cifar10_gist512,56,0.5,0.8166004603484319,0.013172150263352838,0.01284163063456926,0.09060398516328141,0.4861170694212668
cifar10_gist512,56,0.75,0.9586316862331028,0.01546318087169076,0.015752582731251,0.10032506886658188,0.254343241684232
cifar10_gist512,56,1.0,1.0012168637667278,0.0161500998543535,0.01589215318300158,0.10019701417259703,-0.0034989687559323205
cifar10_gist512,57,0.0,0.7709344348247965,0.0337050982575253,0.030063742796867698,0.1250198093789786,1.0
cifar10_gist512,57,0.25,0.8659302469691526,0.03785829603640856,0.03514861200239608,0.13800346368405295,0.7577319003059209
cifar10_gist512,57,0.5,0.945401470605093,0.04133276193168784,0.040397609434341265,0.14796882878041004,0.5065017855359151
cifar10_gist512,57,0.75,0.9823617054278664,0.04294865595593892,0.043214084044994064,0.15467004827723724,0.2545238878287204
cifar10_gist512,57,1.0,1.0010603338117778,0.04376615622378458,0.043017181450192274,0.153305320222634,-0.0023457529736280397
cifar10_gist512,58,0.0,0.3848363126629646,0.011558584041944,0.0116982589184482,0.0861206330172211,1.0
cifar10_gist512,58,0.25,0.6639146182390487,0.01994071936322686,0.019734779163547378,0.11076772202209124,0.7451360346390757
cifar10_gist512,58,0.5,0.8686311632459673,0.0260893942995009,0.025466977608321378,0.12717645844739361,0.4807715843213449
cifar10_gist512,58,0.75,0.9683817672866128,0.029085410273305978,0.02885955112125882,0.1350032886412286,0.2533108537368177
cifar10_gist512,58,1.0,1.0003391670267452,0.030045252883017837,0.029802574755480742,0.13668007797102708,0.017571862844337042
cifar10_gist512,59,0.0,0.45292164032085236,0.017096113360717,0.0186228804755278,0.10920761552376271,1.0
cifar10_gist512,59,0.25,0.7029482410059831,0.026533690919342018,0.026819933951879198,0.1298845046116707,0.7517945043405133
cifar10_gist512,59,0.5,0.8713641984844095,0.0328907691520473,0.033308735825447536,0.14518096655090743,0.49324934505610585
cifar10_gist512,59,0.75,0.9685180804077224,0.03655796813511652,0.0357102091313165,0.15137594193617865,0.24795902648815962
cifar10_gist512,59,1.0,1.000118650028098,0.0377507725242167,0.03840333299662302,0.15557467266560732,0.008598802858193252
cifar10_gist512,60,0.0,0.8375776294179328,0.1104639902236962,0.10541802944342579,0.2617123160915557,1.0
cifar10_gist512,60,0.25,0.8984494845926072,0.11849207953595062,0.11333065580964603,0.2702168089499848,0.7463721083103336
cifar10_gist512,60,0.5,0.9609086671420531,0.12672951364139204,0.1212611520666862,0.27567066678479735,0.5060593120928704
cifar10_gist512,60,0.75,0.9892498871200667,0.13046729762298495,0.12257509598494339,0.27858716791730737,0.24166578317083726
cifar10_gist512,60,1.0,0.999696589595735,0.13184506178431293,0.13149517744510614,0.2862348148724794,-0.00479743772327178
cifar10_gist512,61,0.0,0.2500387741021182,0.0053251820936339,0.0054571798957369,0.0596081197801304,1.0
cifar10_gist512,61,0.25,0.564706196268058,0.012026787986500979,0.01227863192143536,0.08870175660399417,0.7588337891531981
cifar10_gist512,61,0.5,0.8047574926870155,0.01713926252103766,0.01765034107144442,0.10606090297103021,0.4985357553248351
cifar10_gist512,61,0.75,0.9498504100767778,0.02022936807915208,0.020045691682403798,0.11303166439064372,0.2332445209582545
cifar10_gist512,61,1.0,0.999671120739959,0.0212904209389271,0.02155167441845526,0.11665590005136968,0.005572119639693841
cifar10_gist512,62,0.0,0.2695990899393631,0.0062212388014128,0.006278865861573101,0.062716071475187,1.0
cifar10_gist512,62,0.25,0.5676820271745632,0.01309976771478498,0.01315003393200436,0.09179178596102935,0.7583364307619384
cifar10_gist512,62,0.5,0.8121751004026914,0.01874166284946664,0.01916428177510898,0.10973005161406398,0.5130877548016556
cifar10_gist512,62,0.75,0.9476735422107316,0.021868409916367938,0.02182006532028712,0.11819530840155683,0.2661239249696358
cifar10_gist512,62,1.0,0.9999100457231244,0.02307381369786638,0.02327936849731594,0.12147373771491403,-0.0010431688185712582
cifar10_gist512,63,0.0,0.43911167778537924,0.0178308046197435,0.0189586257908245,0.109132889554866,1.0
cifar10_gist512,63,0.25,0.6944900738831773,0.028200836926533877,0.028556886829833684,0.1351822765374035,0.7465623732066955
cifar10_gist512,63,0.5,0.8602773593016144,0.03493288447681252,0.03587540875059232,0.1510396271351062,0.5030439599716611
cifar10_gist512,63,0.75,0.9666682978515173,0.03925305206643802,0.03757531647676146,0.15526275174455453,0.25058140163319703
cifar10_gist512,63,1.0,1.0015471083982115,0.040669359779691584,0.04133748488992832,0.1624794423527262,-0.01401834961160916
cifar10_gist512,64,0.0,0.3438841929795009,0.0094243409428593,0.0091047885005693,0.0757395712327969,1.0
cifar10_gist512,64,0.25,0.6129898246059261,0.01679933308808454,0.01667033853494394,0.10295901364090602,0.7512560809270339
cifar10_gist512,64,0.5,0.8464476692911539,0.023197377455973937,0.0236352693473843,0.12163733296817776,0.5088471763243853
cifar10_gist512,64,0.75,0.9499609322784579,0.026034217015384498,0.02517674975645638,0.12684734737314124,0.2609564126187202
cifar10_gist512,64,1.0,1.000268121087568,0.02741291399795302,0.026504407118526203,0.12965783667661984,0.006655103637697821
cifar10_gist512,65,0.0,0.3300128385715312,0.0081379000693679,0.0075406569646126,0.0694489646343881,1.0
cifar10_gist512,65,0.25,0.5943464503485523,0.01465619349979222,0.014020185865388701,0.09512838654424928,0.7523639154301824
cifar10_gist512,65,0.5,0.8102213055972062,0.01997952578924808,0.01925380337120808,0.1111717765339757,0.5001366584530686
cifar10_gist512,65,0.75,0.9505975138199483,0.023441110979625,0.0235138498791942,0.12249604860191006,0.24278997854165846
cifar10_gist512,65,1.0,0.9997133404948236,0.02465227503928592,0.02440454562968192,0.12546888023409478,-0.02064337016746254
cifar10_gist512,66,0.0,0.2895353334573813,0.0058691740358643,0.0057966841625151,0.059569071886235905,1.0
cifar10_gist512,66,0.25,0.6185403249027355,0.012538437957481899,0.01262426111323906,0.08854933880628515,0.7448707622387717
cifar10_gist512,66,0.5,0.8296162440712429,0.016817160314393682,0.01666171816552128,0.10310421278017108,0.5057004456627568
cifar10_gist512,66,0.75,0.9629616344628775,0.01952020623885242,0.018665513589690978,0.10828045826731858,0.25306592624092306
cifar10_gist512,66,1.0,0.9994817713721076,0.02026050634928924,0.02079427106278102,0.11470223416922054,-0.0159842841345864
cifar10_gist512,67,0.0,0.549022360303639,0.0231358537537786,0.02207191068714,0.1193269769417548,1.0
cifar10_gist512,67,0.25,0.7535513850393991,0.03175472603809228,0.0311617573814242,0.14083272618968704,0.7473312784001314
cifar10_gist512,67,0.5,0.8966490799469916,0.037784876322051394,0.03755207323265468,0.1549375447827149,0.4983713727704707
cifar10_gist512,67,0.75,0.9757266392701667,0.04111721208829396,0.04194455648120078,0.16248698389448685,0.2577771908216496
cifar10_gist512,67,1.0,0.999635341883636,0.04212472705872592,0.0423400853706446,0.1639636367560413,0.00784200003403846
cifar10_gist512,68,0.0,0.2373650455612685,0.004529057624815,0.0044970900988224,0.0533785606767229,1.0
cifar10_gist512,68,0.25,0.5732824423888506,0.01093854914793512,0.01095569760222242,0.08303254669350826,0.7540679049661408
cifar10_gist512,68,0.5,0.8192392554000687,0.01563154249373138,0.01560829410308556,0.09970500420603176,0.4990241342166824
cifar10_gist512,68,0.75,0.9459585681285907,0.01804941774645594,0.018551763008235737,0.10826932352934067,0.2660329022807376
cifar10_gist512,68,1.0,1.0013852378793549,0.01910698955808986,0.01884709562637198,0.10935681883254966,0.0026196926297852004
cifar10_gist512,69,0.0,0.366883883058792,0.0123617881252946,0.012534176464959298,0.0886116364328302,1.0
cifar10_gist512,69,0.25,0.6233562607776314,0.02100337021638572,0.02120596424028562,0.11499773283440999,0.7565014218307955
cifar10_gist512,69,0.5,0.8266921490489845,0.02785457105988598,0.02913042218959196,0.13443461381763147,0.515110334822764
cifar10_gist512,69,0.75,0.9616546440452234,0.032401998311513955,0.032878663616792383,0.14362352343475596,0.23340540238942578
cifar10_gist512,69,1.0,0.9988181660364865,0.0336541862817664,0.03389260845138612,0.14642799411454183,0.00754329629341576
cifar10_gist512,70,0.0,0.2159375340734071,0.0044863504793207,0.0045411147065505,0.0531904689718824,1.0
cifar10_gist512,70,0.25,0.5526597812568431,0.01148214220923754,0.011709232089818961,0.08567367364735724,0.7462234990498784
cifar10_gist512,70,0.5,0.8106409559044068,0.01684199764846086,0.01752775138261234,0.10466536999180416,0.49618522011744337
cifar10_gist512,70,0.75,0.9553304212763338,0.01984808760456524,0.020405681716342522,0.11474125294148015,0.25109281532737704
cifar10_gist512,70,1.0,1.0014948304527758,0.020807206268789118,0.021202193202309337,0.11694026037733427,-0.0042552152741072
cifar10_gist512,71,0.0,0.20607166979188613,0.0029780750635413,0.0030671354956034,0.0453073405683654,1.0
cifar10_gist512,71,0.25,0.5395341608762386,0.0077971573290832995,0.00773842616264476,0.07026119563919378,0.7407909366473409
cifar10_gist512,71,0.5,0.8067283087199071,0.01165855287957808,0.0119741554487688,0.08713912407009482,0.5009897013432044
cifar10_gist512,71,0.75,0.9491746091001587,0.013717136553328901,0.013371387309671481,0.09227878043229791,0.24771359653635638
cifar10_gist512,71,1.0,0.9999576316148232,0.01445103487693116,0.01480852996069108,0.0972783820125504,-0.005720882199142721
cifar10_gist512,72,0.0,0.3790935700446321,0.0133508077567454,0.0130389051471192,0.0910646766278491,1.0
cifar10_gist512,72,0.25,0.646243927144569,0.022759231801941483,0.022747460819382177,0.12042929632129544,0.7507370604759883
cifar10_gist512,72,0.5,0.8621508980611917,0.03036298108660938,0.03007931354965976,0.13842049084449762,0.49999368303920033
cifar10_gist512,72,0.75,0.9624721167105939,0.0338960647628978,0.0343733396840978,0.14792485667054983,0.2552066863236508
cifar10_gist512,72,1.0,1.001368721934346,0.03526591416095328,0.03566913420831698,0.15045301195172728,-0.00678499739267942
cifar10_gist512,73,0.0,0.4582353931471331,0.0136314829936929,0.0131471621987929,0.0913754510583327,1.0
cifar10_gist512,73,0.25,0.6902042021843082,0.02053203874025038,0.01998071264296014,0.11263952791957565,0.7592502447605172
cifar10_gist512,73,0.5,0.8694206373980394,0.025863328783186555,0.02543335364962344,0.12736251228932485,0.4963028104339255
cifar10_gist512,73,0.75,0.9632208505416159,0.02865367634121746,0.02872926995995182,0.1356732861163786,0.2458683847537749
cifar10_gist512,73,1.0,1.000007640187555,0.02974800145217666,0.028035111473642023,0.1340205996775929,-0.00153396054103878
cifar10_gist512,74,0.0,0.300995493243715,0.007204644611931101,0.006559830932340001,0.0658183339914301,1.0
cifar10_gist512,74,0.25,0.5901861620517845,0.014126728299615459,0.013584376234240239,0.09284725257215135,0.7563033139320934
cifar10_gist512,74,0.5,0.8115252727582037,0.01942471337632038,0.01838947790666496,0.10744496306536735,0.5152899903865028
cifar10_gist512,74,0.75,0.9538257647315452,0.022830825746052,0.02238712542704166,0.11975690688674394,0.25794336562798836
cifar10_gist512,74,1.0,1.0011638656998338,0.02396391312355662,0.02334078271077182,0.12155541878242566,0.010017773520070739
cifar10_gist512,75,0.0,0.3275645701357083,0.0119202834341096,0.012770928732047998,0.0898620160821105,1.0
cifar10_gist512,75,0.25,0.6240564209016709,0.02270981081055874,0.02360812407829084,0.12358411935536096,0.7393816103595482
cifar10_gist512,75,0.5,0.8379828943606553,0.03049473149546112,0.03089413585129088,0.14009442998959068,0.49029749432881664
cifar10_gist512,75,0.75,0.958300498881926,0.03487316579136946,0.03512885378041898,0.1492214961293988,0.2545859144255226
cifar10_gist512,75,1.0,1.000599726958801,0.03641246165450724,0.0369230349866837,0.15229120641852784,0.030173040994439498
cifar10_gist512,76,0.0,0.2251413693312397,0.0041987977490204,0.0040972731997553,0.051764919709472404,1.0
cifar10_gist512,76,0.25,0.546805864667855,0.010197713732213561,0.01010335080191976,0.08058914165103703,0.7496240659200264
cifar10_gist512,76,0.5,0.8102503827550155,0.015110850099918222,0.01545769556978396,0.09963993915434662,0.5011133741121105
cifar10_gist512,76,0.75,0.9550944328392458,0.01781213451183766,0.017444758899246078,0.10543406319513657,0.24196070481249093
cifar10_gist512,76,1.0,0.998579480060289,0.01862311349331102,0.01857325175330278,0.10848048025238415,0.00709157149495282
cifar10_gist512,77,0.0,0.4837300628274024,0.0152268038615113,0.016293979164122,0.0930866919888345,1.0
cifar10_gist512,77,0.25,0.7126014189166721,0.02243119225184566,0.022764273603679018,0.11494129482008222,0.7473425625957464
cifar10_gist512,77,0.5,0.8719012763723087,0.02744561635124092,0.028233725223001698,0.1296933240500368,0.5136235921088816
cifar10_gist512,77,0.75,0.9642271549530749,0.03035184061250342,0.031124598110011458,0.13701101352564388,0.2723177245760013
cifar10_gist512,77,1.0,1.0007803045406416,0.031502456797152176,0.03133053702287586,0.1368443791129864,-0.00766006756768232
cifar10_gist512,78,0.0,0.3447015913937721,0.0086843791229792,0.0087318420844876,0.0717265092986559,1.0
cifar10_gist512,78,0.25,0.6154832956460081,0.01550642763683858,0.01562114655652842,0.09936799119466234,0.7489221341472939
cifar10_gist512,78,0.5,0.8295350754338091,0.02089922782702448,0.02088542783078392,0.11517847419027319,0.4942414032084853
cifar10_gist512,78,0.75,0.952689158127412,0.024001960078214542,0.02472407921660898,0.12490035951884286,0.2724895775249535
cifar10_gist512,78,1.0,0.9993893739438654,0.02517852087572976,0.02492606486260314,0.12499046255567108,0.0052445600777258185
cifar10_gist512,79,0.0,0.3743797438825333,0.0088707216722733,0.0089560386815589,0.0741759506661623,1.0
cifar10_gist512,79,0.25,0.6355480297466698,0.0150589602492311,0.0147844517231526,0.09555822629305394,0.7480317010680393
cifar10_gist512,79,0.5,0.8340893668822383,0.01976328779619162,0.01933173017269518,0.11008439979173908,0.5011945578718271
cifar10_gist512,79,0.75,0.9531481485958739,0.0225843200034068,0.02226469854957386,0.11815109675158719,0.25737449651323174
cifar10_gist512,79,1.0,1.0003141259290786,0.0237018918383159,0.02312064408693466,0.121954383274734,0.0069177690865596
isolet,0,0.0,0.7521932987625913,0.0301569613784531,0.0327340064070009,0.1413871137466452,1.0
isolet,0,0.25,0.8545294921867758,0.03425982780625556,0.03642902236589664,0.1511467139127663,0.7543137800495829
isolet,0,0.5,0.9378454302757071,0.0376001334581283,0.03955221749149956,0.15691262134054748,0.5051250980369864
isolet,0,0.75,0.9845082767027746,0.039470942012026236,0.039078675021519724,0.15757576023901163,0.24134011791541451
isolet,0,1.0,1.001133051610764,0.04013746309862786,0.04035741799219144,0.15960766438474666,-0.020015169130849518
isolet,1,0.0,0.3798539431363913,0.0117757279421632,0.0112044098290155,0.0840305755339815,1.0
isolet,1,0.25,0.671755221113888,0.02082486405761618,0.021112472362153762,0.11559365097521401,0.7348825550135695
isolet,1,0.5,0.844047053768309,0.02616602685098668,0.02554105832754482,0.12722922064713887,0.5101929499738351
isolet,1,0.75,0.9607445846200224,0.02978372886425378,0.030273097681595983,0.13917803693458258,0.25894749401331596
isolet,1,1.0,1.0003594591265887,0.031011816641362277,0.02947549238411288,0.13759316111564276,0.01011228647529268
isolet,2,0.0,0.3455966814591708,0.0081588250953903,0.0075691450977833,0.0681438965844589,1.0
isolet,2,0.25,0.63896852175672,0.015084729368528522,0.01476428978638592,0.0955088030531409,0.7569893898987106
isolet,2,0.5,0.8390033079321769,0.0198071382368908,0.0193782445463963,0.10979111666297887,0.4977830138383261
isolet,2,0.75,0.955881235348711,0.02256638512339736,0.023534941337487462,0.12245590823016113,0.25066000145803413
isolet,2,1.0,1.0006196892605048,0.023622567778171018,0.02403248309733974,0.12191076651945434,0.00901271926093416
isolet,3,0.0,0.5305691577547832,0.0154464401039336,0.0154119818187744,0.0993284755559069,1.0
isolet,3,0.25,0.7140497731730913,0.02078810441831812,0.020507794840914383,0.11436075221514538,0.7544826382397234
isolet,3,0.5,0.8744800888251063,0.025458706215189482,0.025469173476765562,0.12695372600396465,0.509023176163113
isolet,3,0.75,0.9700804304030198,0.02824191539445602,0.027948399052428418,0.13400303939747293,0.2521483844277214
isolet,3,1.0,0.9995175406545579,0.02909891688745166,0.0294581252745647,0.1367196074393389,-0.02710088008778566
isolet,4,0.0,0.46471389359878207,0.0184957184138629,0.0207986393483895,0.11327461335807901,1.0
isolet,4,0.25,0.6769684797379861,0.02694349910507492,0.028593657306966103,0.13289616508473645,0.7474160201730358
isolet,4,0.5,0.8517810622473607,0.033901079555822264,0.0351434419625769,0.14897213743596827,0.4981702844440245
isolet,4,0.75,0.9557340070592012,0.038038430347386146,0.03891489471000114,0.15669102629377557,0.2461019729011588
isolet,4,1.0,1.0002030986304389,0.0398083102824414,0.03865617203649732,0.1567352573238375,0.0052178378483238195
isolet,5,0.0,0.7673594180949019,0.0502599067750112,0.0456212869269827,0.1732103977109825,1.0
isolet,5,0.25,0.8744909775891673,0.057276725837727735,0.05278891091687719,0.18420036846281188,0.7464804099237673
isolet,5,0.5,0.9423668139073754,0.061722404258015465,0.056817182162135105,0.18857031403153032,0.49250638083176124
isolet,5,0.75,0.9858357766100576,0.06456950036646912,0.06414662615603042,0.1997621899228847,0.2519613362045786
isolet,5,1.0,1.000738763580875,0.06554560454680494,0.06706929788879648,0.20412731134966347,0.0034936688666432998
isolet,6,0.0,0.4754383178636032,0.0196461656902885,0.0196401980674009,0.10964323531746452,1.0
isolet,6,0.25,0.6982931956670111,0.02885502347417206,0.027837726821152396,0.13300755427199626,0.7532713186646115
isolet,6,0.5,0.8625358750243036,0.03564189523194236,0.03482178691390232,0.1478177762654381,0.5065753946750992
isolet,6,0.75,0.968711465323549,0.04002930609242246,0.03964380733763519,0.15986752926285824,0.24891333660900994
isolet,6,1.0,1.000706710976356,0.04135142059977032,0.04179581829637468,0.16150088449248684,0.0019152516174336005
isolet,7,0.0,0.5148451715422798,0.0063923717471692,0.0059335555945809,0.0609371045271444,1.0
isolet,7,0.25,0.7288518091813387,0.00904950064681994,0.00857646712910972,0.07427662234777256,0.7538782745452176
isolet,7,0.5,0.8759986292563606,0.01087649102630754,0.01062027247051,0.08213881940199494,0.48769157776327476
isolet,7,0.75,0.9712466524744793,0.012059100490759339,0.01179322678480644,0.08633030559644,0.25963449107671954
isolet,7,1.0,0.9985365636972026,0.01239793489598514,0.01217220103081188,0.08803245094039418,0.013650384690796399
isolet,8,0.0,0.3890534782327796,0.01447029938287,0.014925066614611602,0.0960289318930052,1.0
isolet,8,0.25,0.6550862320719546,0.02436501517152814,0.02454522344925178,0.12398712563487295,0.7439207262502043
isolet,8,0.5,0.84535775424199,0.03144189802665958,0.030034302251352018,0.1381140978052197,0.4952267539870473
isolet,8,0.75,0.9631698620428375,0.03582375441963912,0.03589129730824492,0.15033906817779052,0.24831476049435947
isolet,8,1.0,1.0000769944944938,0.03719646353501468,0.037047424473654264,0.1527776539726821,-0.0297589543559889
isolet,9,0.0,0.3280063102137412,0.008867753049753,0.0087722572728594,0.0744066580526979,1.0
isolet,9,0.25,0.6125624305568879,0.0165608166446409,0.01670707546449316,0.10211684298123518,0.7565216221217066
isolet,9,0.5,0.8535501382963553,0.02307599459614772,0.02237815924423252,0.11946507743373776,0.5005914166607978
isolet,9,0.75,0.9632272601960103,0.026041149844472138,0.025393167952623363,0.1268512795239959,0.24999756436995427
isolet,9,1.0,1.0011528718103369,0.02706648060057116,0.027014827080974756,0.12998843527880527,0.00245774071130672
isolet,10,0.0,0.6259239770630717,0.022153687647184,0.0223258697865377,0.11872947310022,1.0
isolet,10,0.25,0.7963917769942719,0.02818715262371088,0.029108075003477597,0.13581150317547824,0.7585553343422606
isolet,10,0.5,0.9108285722189298,0.03223747999517116,0.03276801504694174,0.14454598059330928,0.49534025994932074
isolet,10,0.75,0.9758852290300146,0.03454006770099026,0.03422854411969422,0.14760740461224683,0.24579720277627862
isolet,10,1.0,1.0003393087825327,0.03540558502320338,0.03552996246241346,0.14999402180084082,-0.017816972735634963
isolet,11,0.0,0.6463260246925991,0.0354835466805004,0.0351412949107223,0.1509316502546344,1.0
isolet,11,0.25,0.8157755034412482,0.04478638806310426,0.04436016426357038,0.16759602655970846,0.7502195634608347
isolet,11,0.5,0.9162910405481233,0.05030472960713188,0.05048724069046138,0.1786653541496161,0.4963111063848505
isolet,11,0.75,0.9803434415231964,0.05382123099059098,0.05354510185789676,0.18378560549504278,0.2426177590648007
isolet,11,1.0,1.0004393629607138,0.054924504786126205,0.05595900157974694,0.1878187639503172,0.00885363746440838
isolet,12,0.0,0.3625951040331301,0.0117672399058854,0.0123482207144222,0.0872981886413306,1.0
isolet,12,0.25,0.6428125355647847,0.020861090611444623,0.021358819737402602,0.11571540717587703,0.7523723351494168
isolet,12,0.5,0.8433767957076312,0.02736996990792746,0.028298393271400962,0.13306477155845478,0.5005886637930328
isolet,12,0.75,0.9629390979158119,0.03125010584505,0.03201335692933348,0.14074105215086333,0.24548796656966715
isolet,12,1.0,1.0018919260063952,0.03251423563625846,0.03138819451641162,0.14085974913297628,0.0015911857959874601
isolet,13,0.0,0.4353378533991351,0.015561890834985498,0.0164644032168941,0.10116866620652118,1.0
isolet,13,0.25,0.6704390059627405,0.02396598076837276,0.02518165016069856,0.12607496310819066,0.7529211029879098
isolet,13,0.5,0.8538318406963864,0.03052166907289272,0.030303324923343762,0.1398125983381912,0.4959910489195284
isolet,13,0.75,0.9590426225903993,0.03428260713447906,0.03486181331790768,0.14888347377119643,0.2495366850593467
isolet,13,1.0,1.000906552316113,0.03577910439339708,0.034709041067345604,0.14849624755893542,0.009152689059121599
isolet,14,0.0,0.648693834201902,0.0347748513618312,0.0324218864297423,0.14528350397352,1.0
isolet,14,0.25,0.8079763193108105,0.04331358635847274,0.04312487741645734,0.166071757911188,0.7413859113213265
isolet,14,0.5,0.9155263058590958,0.04907907170609438,0.04972955812918944,0.17702041445184752,0.4877517599951302
isolet,14,0.75,0.9756649901585147,0.05230295591362866,0.05114711016366846,0.1819600177761541,0.253124414366902
isolet,14,1.0,1.0002202210062854,0.05361930032429703,0.05109980958556888,0.17984961100694,-0.00402452895073422
isolet,15,0.0,0.4398495802984083,0.0137287902875655,0.0128991748342154,0.0901079887631645,1.0
isolet,15,0.25,0.6769495122776316,0.0211292639702514,0.020379665731969598,0.11426051502963719,0.7447863800453766
isolet,15,0.5,0.8659213941834439,0.02702754250258832,0.026997277175894778,0.13010552523029878,0.5104158462763897
isolet,15,0.75,0.9699432097122003,0.03027431993444868,0.030491979738225823,0.13924908966437802,0.2594245717728322
isolet,15,1.0,0.9984103970457859,0.031162851065283197,0.03046302819778148,0.1383683244520546,0.013526465688095901
isolet,16,0.0,0.4572780660894737,0.0182472091820252,0.0182737731328013,0.1053123577052516,1.0
isolet,16,0.25,0.7067551509020701,0.028202334717844318,0.02823981415447528,0.13382471070633156,0.7445687093711253
isolet,16,0.5,0.8686636654681623,0.034663126854461664,0.03358541435327122,0.1453192377957869,0.49751692673855424
isolet,16,0.75,0.9652870240901372,0.03851878223658542,0.039387464429189,0.15762817682976507,0.2585782410335364
isolet,16,1.0,1.0010288752550796,0.039945023911234,0.0402117704534289,0.15843169257910128,0.005169976860233459
isolet,17,0.0,0.4055879783825495,0.0090897168773134,0.008775709420509,0.0736580314191597,1.0
isolet,17,0.25,0.6644614079059262,0.0148913833636096,0.01432155504157604,0.09504863330348494,0.7532010169620733
isolet,17,0.5,0.8465738388478602,0.018972743081673422,0.01917935889014084,0.10882365188927637,0.5033312883189671
isolet,17,0.75,0.9540815371665395,0.021382120558159478,0.02078055794125796,0.11406275028284285,0.25125056390035994
isolet,17,1.0,0.9998265533732912,0.02240732166871926,0.022127957328086457,0.11814468550365136,0.029721493380082557
isolet,18,0.0,0.4076914535138617,0.0054173159772066,0.0054939533510803,0.059053451844299096,1.0
isolet,18,0.25,0.6513852601009914,0.00865546664382556,0.00879591963665156,0.07482665842971739,0.7609312902575697
isolet,18,0.5,0.8453343786756561,0.011232620640466701,0.0113397451176365,0.08550250090578677,0.4984764742131267
isolet,18,0.75,0.9620730560946352,0.012783818971678022,0.013313329713249101,0.09203820533359675,0.2449819930355268
isolet,18,1.0,1.0009334529692027,0.01330018753190838,0.013042204562743919,0.09066276483361739,0.00224985815608904
isolet,19,0.0,0.7297661558778341,0.0204578337044825,0.0194228165595003,0.1118646376365799,1.0
isolet,19,0.25,0.8407170261013078,0.02356816491690918,0.0221824000075477,0.1193466891306981,0.74159164291361
isolet,19,0.5,0.9396470459206305,0.026341510703835003,0.02548876038624644,0.1278191572122288,0.4940834001504875
isolet,19,0.75,0.9904391850993125,0.02776538755595142,0.0274988631954112,0.13190605162313324,0.2467542210345926
isolet,19,1.0,0.9988354920997076,0.02800076467088388,0.02826699211580312,0.1340718309879962,0.004151659849631199
isolet,20,0.0,0.3771780363506864,0.0123485257499505,0.0114029213821542,0.0867353883832038,1.0
isolet,20,0.25,0.6378200954952999,0.02088175109363126,0.0195723780497114,0.11060651847345424,0.7603172296417318
isolet,20,0.5,0.8426917554302694,0.02758909543589278,0.026669112139895163,0.12995418193006836,0.5026940335219561
isolet,20,0.75,0.9618435931317253,0.0314900371509675,0.03126424867527894,0.13940908000864455,0.25128713591581275
isolet,20,1.0,0.9996358322110058,0.03272732668652488,0.03211290586075844,0.14148248224991447,0.020445671789868343
isolet,21,0.0,0.4603089023712245,0.0124715423463024,0.0120609951164385,0.0866804725754475,1.0
isolet,21,0.25,0.6762943876004033,0.018323421619864638,0.01842304303022142,0.10792971297632517,0.7549825553779261
isolet,21,0.5,0.8548639219001185,0.023161558569435,0.0229517000084788,0.12122829321414819,0.5048307148960471
isolet,21,0.75,0.9633716048148763,0.026101449923696056,0.027074476702160684,0.1313267467632376,0.2450317474616129
isolet,21,1.0,1.0005050793772106,0.02710753887414614,0.0270682289470095,0.1311413709043417,-0.0065623442839957994
isolet,22,0.0,0.4946445814116197,0.0141077400654291,0.0137782572639775,0.092888022213673,1.0
isolet,22,0.25,0.7502372546177678,0.02139748937579274,0.02183728029740212,0.11752366548265783,0.7484494699222618
isolet,22,0.5,0.8844623651012457,0.02522571885634304,0.02523245018952842,0.12631164444518733,0.49441521213100004
isolet,22,0.75,0.9713683741329875,0.0277043619702426,0.02800921585812328,0.1316932500694793,0.25202226452048826
isolet,22,1.0,0.999751751927571,0.02851388325310414,0.028450571135881043,0.13393572466739667,0.013367069910911699
isolet,23,0.0,0.4885912684687721,0.0147411070525369,0.013880107186700599,0.0934105297700277,1.0
isolet,23,0.25,0.7034570387148708,0.0212237430010874,0.02035875552010686,0.11326115939084117,0.743621605171528
isolet,23,0.5,0.875401898067756,0.026411427968929403,0.02565508976524694,0.126979111036088,0.48767442304132336
isolet,23,0.75,0.9658420632982834,0.02914006485532016,0.02900627527163504,0.13543313440493676,0.26096884764247485
isolet,23,1.0,1.0007757268006063,0.030194035539321363,0.030106458579255126,0.13645850391013442,0.0008072164793412994
isolet,24,0.0,0.2539927433702153,0.007029996025847901,0.0071442132489485995,0.0678718740289371,1.0
isolet,24,0.25,0.5753995813086821,0.01592587534667718,0.015976759076861902,0.10080556927968591,0.7515617048361112
isolet,24,0.5,0.8179434692190167,0.02263899063288074,0.02386659009793232,0.12311188114785701,0.48841436080479816
isolet,24,0.75,0.9530811388952444,0.02637932300679236,0.026618711067198396,0.12962737875920588,0.2581574448498944
isolet,24,1.0,1.0007179044409313,0.02769781056681806,0.02668808398550724,0.13020750104278564,-0.0016177555949453207
isolet,25,0.0,0.45331455391826625,0.0127629096682484,0.0132128164365309,0.0907348856703755,1.0
isolet,25,0.25,0.7041243502077814,0.01982437007424288,0.02045022818450124,0.114141794512946,0.7472272700270706
isolet,25,0.5,0.8681661828722991,0.024442909395371,0.02582318853095474,0.1277294207136278,0.5021578196985046
isolet,25,0.75,0.9610264636409553,0.0270573574976312,0.027750743297633402,0.13216344776144462,0.24854553975253307
isolet,25,1.0,1.0003633745967588,0.028164874202791717,0.02777917035946112,0.13283338874914333,0.02051134108343846
isolet,26,0.0,0.5887276061606559,0.0311200932302015,0.0280180626824933,0.1326288493728294,1.0
isolet,26,0.25,0.7546109237042015,0.03988867186193214,0.03876705166262444,0.15494413624756334,0.7568590592633108
isolet,26,0.5,0.8753766723843075,0.0462723394844666,0.0456465297827938,0.16759889175857637,0.5243530138653816
isolet,26,0.75,0.9633113288185854,0.050920558249417304,0.04998202378751176,0.17751232232364492,0.2527437629772429
isolet,26,1.0,1.0001185245263688,0.052866183611608886,0.05340982954888738,0.183179974874477,-0.008701651283344259
isolet,27,0.0,0.2813177709853229,0.0076305574170749,0.0078351141059176,0.0699983119636036,1.0
isolet,27,0.25,0.5954013035809542,0.01614986432340516,0.016168160683641138,0.10109947161879922,0.7475725866500956
isolet,27,0.5,0.8328418854938799,0.02259028217217588,0.02191269505719504,0.11777966952310819,0.4964139478616051
isolet,27,0.75,0.9591170321669169,0.02601541153269694,0.0260051415118126,0.12864179540572587,0.234938930392794
isolet,27,1.0,1.0003677219618972,0.02713430905513948,0.02757729470224618,0.13321288169056894,0.00335150945506722
isolet,28,0.0,0.5330591957802663,0.0193196874866544,0.0187891441755369,0.10615259645122102,1.0
isolet,28,0.25,0.7493109351404693,0.027157308628841397,0.02724930121627998,0.12777014718333154,0.7379828386857575
isolet,28,0.5,0.895806839347624,0.03246676602074382,0.03203835649030628,0.13978466969927503,0.5044929220834066
isolet,28,0.75,0.9711428838951542,0.03519717354144802,0.03467911369161718,0.14603732810319076,0.24146845870381978
isolet,28,1.0,1.0013232474536338,0.03629100176315228,0.037220828680067264,0.15096503617581286,0.00586196200364146
isolet,29,0.0,0.455771185273176,0.016729241949222,0.015350716476728202,0.0995991641093257,1.0
isolet,29,0.25,0.7002441797164758,0.025702709351821118,0.02505372890364766,0.127341082547793,0.7435728608685561
isolet,29,0.5,0.8963722731346196,0.03290166012766972,0.03239547222303368,0.14381685033727,0.4887467186686963
isolet,29,0.75,0.9733995952536837,0.03572897512709894,0.03620557457051078,0.15149015370855726,0.2362871242555352
isolet,29,1.0,1.0001099057734026,0.036709386486266815,0.034846148322189296,0.1490590850915679,0.003610019328658019
isolet,30,0.0,0.45551218420337725,0.015340854438307999,0.014764842260632799,0.0964870182743669,1.0
isolet,30,0.25,0.6915087282382244,0.02328880567986236,0.0228759099072916,0.12052642442145581,0.7503301146175754
isolet,30,0.5,0.8887540754797248,0.02993168432416744,0.02922788338511888,0.13637870192282026,0.48365927138569054
isolet,30,0.75,0.9660520822075684,0.03253494612638912,0.03384504569345706,0.1468960006681452,0.24369278584620005
isolet,30,1.0,1.0010276532382973,0.03371286224518068,0.03315472273514598,0.14460582017449836,-0.013161053000104481
isolet,31,0.0,0.6274105580457787,0.0214004817129535,0.0207636564517523,0.11735812412653028,1.0
isolet,31,0.25,0.7744934077967331,0.0264173622802626,0.0261801607191662,0.13010784517555063,0.7520894281535407
isolet,31,0.5,0.9024848792706394,0.03078305091837364,0.02975452769977206,0.13689956864079977,0.5083204965692272
isolet,31,0.75,0.9679501659495294,0.03301602046668436,0.032459941209147136,0.14181781713989064,0.2578876394895445
isolet,31,1.0,1.000774571445232,0.034135635175970305,0.03392323348166596,0.14562600188442246,-0.00892038462795684
isolet,32,0.0,0.4212563435475324,0.0118713463205451,0.0116542173904015,0.0861280284781869,1.0
isolet,32,0.25,0.6605147481162982,0.01861384272265914,0.01828001028418798,0.10812124016451911,0.7503311264777887
isolet,32,0.5,0.8433149493739318,0.02376530104449654,0.02375912638944768,0.12289814274615725,0.5021519943367443
isolet,32,0.75,0.9667429227156074,0.027243601703052,0.027119069227657222,0.1312774904085692,0.25216148389187365
isolet,32,1.0,1.0019189135989133,0.02823488973073472,0.028657704716255318,0.1349203427440897,-0.00514339490158206
isolet,33,0.0,0.539741948350532,0.0167234316488261,0.0166426316243959,0.1041305534761932,1.0
isolet,33,0.25,0.7381925660956489,0.02287225026792738,0.0229402238497482,0.12098941838848572,0.7461303010786591
isolet,33,0.5,0.8797992868628703,0.027259810514082362,0.02623350030285404,0.12867065478182546,0.5105437662525432
isolet,33,0.75,0.9706825069733418,0.030075747508024518,0.030377005940415543,0.13728304247746373,0.28120920126964044
isolet,33,1.0,0.9997630017271227,0.0309767811738627,0.03049187596391268,0.13965542933213804,-0.0011731602853760198
isolet,34,0.0,0.5596060897907108,0.0164743421021325,0.0154948913001999,0.0993589213192467,1.0
isolet,34,0.25,0.7415321766196097,0.02183009616985974,0.02197174873119554,0.11770595928638641,0.7563477085389724
isolet,34,0.5,0.8952283303096511,0.0263547842707677,0.026202260229911623,0.12967103281450512,0.4929357960667569
isolet,34,0.75,0.9759480246122456,0.028731105548504044,0.02871335409932918,0.13460215846151063,0.2400481287619133
isolet,34,1.0,0.9985797297411875,0.02939736429631042,0.030070604290529178,0.1378787933754355,0.0037394197475012813
isolet,35,0.0,0.5311210472570878,0.0215238415503832,0.0218838722497769,0.11735086478976679,1.0
isolet,35,0.25,0.7406994033877743,0.030017068006090143,0.030812323152908737,0.1398552132922913,0.7426984803218876
isolet,35,0.5,0.885537359145417,0.03588667009832266,0.036251611570926975,0.15219553603673192,0.5064383909735884
isolet,35,0.75,0.9696786768770224,0.03929652252282826,0.03952921842406626,0.15746701415001324,0.24826098728955479
isolet,35,1.0,0.9981399025227153,0.0404499223255498,0.0398202043525938,0.16084486620924682,0.014418331439815718
isolet,36,0.0,0.5540451544788682,0.0190282170353454,0.0177634277625678,0.1031055889777783,1.0
isolet,36,0.25,0.7788713375180103,0.02674968408819054,0.02677257048338552,0.1281107868871147,0.7464504779695427
isolet,36,0.5,0.9085806230296821,0.03120444091850194,0.03069468008794248,0.13745289261790894,0.4951557157544998
isolet,36,0.75,0.9793176003544598,0.0336338431902829,0.03290171044127166,0.14280037418276975,0.2507609712105315
isolet,36,1.0,0.9995281790368672,0.03432795859670768,0.03454555553957298,0.14679806964203615,-0.0033408245586343207
isolet,37,0.0,0.6939416928267099,0.0568468285687718,0.0494850244690269,0.1724998962634051,1.0
isolet,37,0.25,0.813390860705977,0.06663195380235656,0.062413361161066994,0.19598500310125133,0.7690333388007079
isolet,37,0.5,0.9248236488892079,0.07576038731813073,0.0714716313866472,0.20929196945694964,0.4972782649590363
isolet,37,0.75,0.9851014761861178,0.0806982709332332,0.08235889487492994,0.2233936256936658,0.24854654987564734
isolet,37,1.0,0.9986591328306671,0.08180889707233654,0.0822006294606734,0.2227005446999187,-0.01051157172676868
isolet,38,0.0,0.4721531528378537,0.017022904154715,0.0172120784963835,0.1037540582452617,1.0
isolet,38,0.25,0.7041714257813982,0.0253880390663882,0.0256619538305486,0.12692968161076504,0.76106612605943
isolet,38,0.5,0.860324793107489,0.03101795764143354,0.031249520481904297,0.14063823158449057,0.4877796877712927
isolet,38,0.75,0.9687309991195459,0.03492641074320346,0.0347438909743384,0.14926988027989307,0.2492704798368374
isolet,38,1.0,1.0008552215924849,0.0360846102742556,0.03521170641111526,0.1496326228580967,-0.01642483113475288
isolet,39,0.0,0.5317178450248782,0.0201636589094661,0.0202827039036497,0.1141602735464035,1.0
isolet,39,0.25,0.7348905867643901,0.027868320136220443,0.02827605293960886,0.13430560578613002,0.7527148159581959
isolet,39,0.5,0.8843758517705931,0.03353705953208404,0.03431989590748916,0.14697183603018632,0.5014817837302874
isolet,39,0.75,0.9666492476948252,0.036657008783856956,0.03798223836031246,0.15623483886633013,0.24259289943988577
isolet,39,1.0,1.0009815156560349,0.03795894767350592,0.03754390168098058,0.15350244748039127,0.00782577943711658
isolet,40,0.0,0.3242731144937655,0.0100322633823975,0.0094995215850149,0.0788646017976892,1.0
isolet,40,0.25,0.5922753145016945,0.01832363425888504,0.01766148573411262,0.10553516241300928,0.7589994849544659
isolet,40,0.5,0.8185818878694497,0.02532503846946088,0.02443501182736932,0.12392609473186711,0.4989738868887327
isolet,40,0.75,0.9511507012864033,0.029426412259166056,0.02885638702940164,0.1356228333341006,0.24038954907170482
isolet,40,1.0,0.9993918210756846,0.03091888140926316,0.030741418189895682,0.14035266962836426,0.0083707365145057
isolet,41,0.0,0.8264491936859424,0.0117283738969837,0.0116095574813835,0.0857690949265433,1.0
isolet,41,0.25,0.8926296242556454,0.012667559076562678,0.012786953019432978,0.0898047556043989,0.7414571458460699
isolet,41,0.5,0.9450276382632283,0.01341115409055196,0.013428067923489582,0.09281573499725704,0.5081231152122148
isolet,41,0.75,0.9861982052296259,0.01399541723294688,0.013595282657603,0.09269063752687504,0.24727151220350532
isolet,41,1.0,1.0005860915840543,0.014199599791344001,0.0141503024428448,0.09626490059869984,0.005821884087973117
isolet,42,0.0,0.5595678033942871,0.0266650709092441,0.025882568770625104,0.1290150970227885,1.0
isolet,42,0.25,0.7682650929607491,0.036610117767016184,0.03709307494626366,0.15440430090717489,0.7543600033875169
isolet,42,0.5,0.8893724814390142,0.04238124520111346,0.04273225427885574,0.16433653950526791,0.5251451267025085
isolet,42,0.75,0.9699401598803737,0.04622053481999498,0.04566575976335698,0.17181077899391567,0.24704764355974138
isolet,42,1.0,1.0000906236535294,0.04765729413599034,0.04777517384190044,0.17554052899528305,0.0175618580221934
isolet,43,0.0,0.5358364530379196,0.0158505634070983,0.0165947903289141,0.1004745700031705,1.0
isolet,43,0.25,0.7549639745835602,0.0223325686062736,0.02344056670133728,0.12063554334365618,0.7348977159800534
isolet,43,0.5,0.8760867963125667,0.02591549947067754,0.02641496896436778,0.12839688960847723,0.5064844371274164
isolet,43,0.75,0.9668067120487562,0.02859908280755314,0.02887615720234608,0.13511981696709513,0.2547541737507557
isolet,43,1.0,0.9987161502007863,0.029542995021524597,0.03021113846988598,0.1381437439980753,0.01169075757457384
isolet,44,0.0,0.5132052378040292,0.0208349580289971,0.0209149955189493,0.1136526516346668,1.0
isolet,44,0.25,0.7107381640805737,0.028854342721809523,0.0286751970077626,0.1328931353688734,0.7484088904192345
isolet,44,0.5,0.8651147323159887,0.03512167805456716,0.03580143271104682,0.149190226901231,0.5018639754925546
isolet,44,0.75,0.9745271917607783,0.03956357348442642,0.03934353841573232,0.1572023008812112,0.23638313372161343
isolet,44,1.0,1.0009642510532024,0.040636857582470085,0.04030952717356924,0.15989978297868662,0.007757649542701479
isolet,45,0.0,0.48845805370245826,0.0109194111259599,0.0111160067248827,0.0780591565740537,1.0
isolet,45,0.25,0.7161652102752674,0.01600977260141306,0.016211476185658498,0.09697119867650736,0.7514360956360071
isolet,45,0.5,0.8911351094710012,0.019921200101695,0.01990929366648308,0.10889215230757698,0.4851593367809567
isolet,45,0.75,0.9648142140976101,0.02156828612824792,0.022217198582948038,0.11539970590031845,0.2506485452896102
isolet,45,1.0,0.9968672619985377,0.02228482750824436,0.02295350609734678,0.11767590999967661,0.016348552508559742
isolet,46,0.0,0.5148591463731494,0.0178231930144233,0.017669325893897,0.10576317270034538,1.0
isolet,46,0.25,0.7257794732692973,0.02512475058296796,0.02566590417964946,0.12819777896899812,0.7498299347431372
isolet,46,0.5,0.8776593357719633,0.03038246839464138,0.03107202743907036,0.14031359576740793,0.5066078936274871
isolet,46,0.75,0.9715127094138314,0.033631447858747984,0.03453639167125254,0.1473439866413027,0.26189376648118884
isolet,46,1.0,0.9992798759454125,0.03459268079409014,0.03450238392004874,0.14718658327465442,-0.0099052972232762
isolet,47,0.0,0.406124848630587,0.0153931820715321,0.0154596544127702,0.0982288137366556,1.0
isolet,47,0.25,0.6514557209542857,0.024691856600264378,0.02457943241296996,0.12413689682503856,0.7623650310386383
isolet,47,0.5,0.866264542574843,0.03283366647209568,0.03279383107599894,0.14534031358609212,0.5045955564110962
isolet,47,0.75,0.9652170332291181,0.03658422177598536,0.03545541541223482,0.15075845497337778,0.26189971170278564
isolet,47,1.0,1.0009956269989895,0.0379403230094363,0.038565293820100446,0.15599251851913679,-0.0075747312726182
isolet,48,0.0,0.3682265408741147,0.0105999253121144,0.0106037870590728,0.0838977998590765,1.0
isolet,48,0.25,0.6371670408064736,0.01834176055820628,0.01829315715952948,0.1072834777587851,0.7492888605164636
isolet,48,0.5,0.833629632761974,0.02399721601888332,0.0235372445985269,0.12189812753984466,0.49997630813994076
isolet,48,0.75,0.9583976348698193,0.027588840621893762,0.02707812632654752,0.1313609509907868,0.2584247991634443
isolet,48,1.0,1.0008488571655134,0.02881085950373246,0.027982090422157557,0.13343987963874665,-0.00557550264014956
isolet,49,0.0,0.549298518291742,0.0169145267160291,0.0168079608817866,0.1034001621358311,1.0
isolet,49,0.25,0.738210530410279,0.02273168654725346,0.02259517318899512,0.11971704512498402,0.7513728326589357
isolet,49,0.5,0.877759669522615,0.027028817457154818,0.02690395758104384,0.1305690703331688,0.507861043851238
isolet,49,0.75,0.9741120030334773,0.02999579090610858,0.030902738707778977,0.13901615024234262,0.23892734027666013
isolet,49,1.0,0.9992747712861029,0.030770626995566642,0.02936905305531738,0.13619674139806395,0.00025163052696449973
isolet,50,0.0,0.2891440803818191,0.0094284166355072,0.0107953466108551,0.0819267824643763,1.0
isolet,50,0.25,0.5887285741851219,0.01919727450520702,0.02002189517316242,0.11201384325731882,0.7535363378827249
isolet,50,0.5,0.8144780967619747,0.0265585199829313,0.026412983771127142,0.1293478163970645,0.5072010469530889
isolet,50,0.75,0.9497115773815612,0.030968216341464884,0.03119330049854004,0.140246900025783,0.26951591274170894
isolet,50,1.0,1.0017609310190922,0.032665442828188965,0.03266791052890016,0.1443829884867463,-0.004312015374056439
isolet,51,0.0,0.3721350674396609,0.0125323893899249,0.0117190044353079,0.0881409008756007,1.0
isolet,51,0.25,0.6626502580801976,0.02231606690745916,0.02172053319048492,0.118713998201563,0.7477657624902385
isolet,51,0.5,0.8570719645887415,0.02886360500587784,0.02980295572223594,0.137691871830865,0.5022217084655192
isolet,51,0.75,0.9673196290129272,0.03257641463008156,0.03329567172015444,0.14424593477683528,0.24800967812591984
isolet,51,1.0,0.9983409293245489,0.03362111868756756,0.034679420449477236,0.1486431819798097,-0.01292044306396986
isolet,52,0.0,0.4160859482347689,0.0145349692949645,0.015358558530580402,0.0979468848566854,1.0
isolet,52,0.25,0.6691015299126459,0.0233734646261275,0.02340135562752404,0.12238712591386328,0.7499896887970063
isolet,52,0.5,0.8725962517478386,0.030482066938006102,0.031423299213229484,0.14062526024666885,0.49266845738709864
isolet,52,0.75,0.9687531246539105,0.03384107774122834,0.03350677382535156,0.14628815356567307,0.25155561369819174
isolet,52,1.0,0.9985964351233159,0.0348835825486441,0.034794335923071115,0.14817300519060092,-0.002931724263089
isolet,53,0.0,0.41001684650356457,0.0183396957878015,0.0192801481540235,0.1111811062938741,1.0
isolet,53,0.25,0.6591060182795179,0.02948123710095016,0.028970621482092278,0.13589423867902878,0.7521893070078167
isolet,53,0.5,0.8250980918573048,0.03690591771727826,0.03703863353227938,0.15378012928410162,0.4991537248478747
isolet,53,0.75,0.9574616188621867,0.04282642278766898,0.04339028164985822,0.1641426238298673,0.25363754692062035
isolet,53,1.0,0.9984219440519562,0.04465854239386488,0.04361414770690466,0.16524792472633543,0.0062586094701665195
isolet,54,0.0,0.46550403097283405,0.0166470014240472,0.0165708258089956,0.1023170358872707,1.0
isolet,54,0.25,0.7105685214342965,0.02541081151000852,0.02555596460834314,0.1266450557827353,0.7469343660259968
isolet,54,0.5,0.8544623012721324,0.030556631521203602,0.030044713664439837,0.13689256134557853,0.49747894202727566
isolet,54,0.75,0.9629186300305561,0.03443516433544206,0.03415474715710184,0.1461639712730721,0.2286283338899505
isolet,54,1.0,0.9993471616909784,0.0357378938030251,0.0349599453618396,0.1490560223335406,-0.00472135408645026
isolet,55,0.0,0.6643443203666967,0.0237584037861926,0.0241404616662608,0.1248436892495091,1.0
isolet,55,0.25,0.8037400652930209,0.02874350005706718,0.02903587903457076,0.13579213718225414,0.7467789790392114
isolet,55,0.5,0.9157979626991892,0.0327509351963305,0.032744076716497116,0.14296986204577244,0.5138411633342107
isolet,55,0.75,0.9708750888466551,0.03472061351264738,0.03377253971359252,0.14562254933936605,0.2473595514247358
isolet,55,1.0,0.9989467902435905,0.03572451886158704,0.03595414452231862,0.1497262708068635,0.0051712605764526
isolet,56,0.0,0.42811214645404416,0.0166207295890881,0.0169360949649622,0.10436484080397798,1.0
isolet,56,0.25,0.658614450091951,0.025569591447271323,0.02656434500947772,0.12977432279329557,0.7660412881265399
isolet,56,0.5,0.8653937577619972,0.03359744813358386,0.03407509415406856,0.14664815555686583,0.4944302979679488
isolet,56,0.75,0.9645482688976287,0.037446954228595966,0.038354803529201044,0.15456936024614887,0.2602244194778817
isolet,56,1.0,1.0004468678157674,0.03884065658015858,0.03738167976348396,0.1553420786196953,-0.012662099951890559
isolet,57,0.0,0.3119208684895929,0.0111357362815426,0.0113174817962538,0.0842984343509338,1.0
isolet,57,0.25,0.6267050961819938,0.02237369596710498,0.022254411698219678,0.11932397637493933,0.7532416585663927
isolet,57,0.5,0.8207742643190853,0.02930206561168074,0.028792534413324723,0.13510327535414296,0.5099391836835533
isolet,57,0.75,0.9549574194967437,0.03409247362996816,0.035429652676904684,0.14965344104698955,0.2466767928830842
isolet,57,1.0,1.0001811568469205,0.03570698443598086,0.03496261550390054,0.1504865959486536,-0.0018211716341569404
isolet,58,0.0,0.5732509036858242,0.015160618124475,0.0156791350398922,0.0980362601263079,1.0
isolet,58,0.25,0.7731248577421299,0.02044663280145706,0.02030964183537476,0.11336691179709805,0.7419864868370165
isolet,58,0.5,0.9034939805401544,0.02389447121436756,0.02362069930780212,0.12279247910573803,0.4889457541783062
isolet,58,0.75,0.9755430977677857,0.02579993555026384,0.025207731371039637,0.12575085947062936,0.2552826996079597
isolet,58,1.0,0.9994267734655912,0.026431580933350202,0.02638908335199608,0.12814094865023182,-0.00551742664092704
isolet,59,0.0,0.6831475440115942,0.0222864969705782,0.0227816337733017,0.1202834562008541,1.0
isolet,59,0.25,0.8389283572966436,0.0273685742667421,0.0284709822458316,0.13359900775524178,0.7397493277437421
isolet,59,0.5,0.9111336115086106,0.02972414473370922,0.03047140712552912,0.13902341646028152,0.49144534377779203
isolet,59,0.75,0.9775307340705552,0.031890235037046084,0.03183049141344096,0.14159859369077443,0.25113897656401896
isolet,59,1.0,0.9998569376850336,0.03261858848511194,0.032113076359137536,0.143405670019742,0.01823815933229488
isolet,60,0.0,0.2116700115623885,0.0063066109616141,0.0061373453983179,0.0623232322622367,1.0
isolet,60,0.25,0.5717396558641735,0.01703472095195546,0.017023269615342722,0.10431212046806193,0.7445695197278456
isolet,60,0.5,0.811506637838509,0.024178468266897103,0.02345451094155522,0.12264951426828027,0.49939869663979597
isolet,60,0.75,0.953311612354949,0.02840348247696718,0.028807506169906037,0.13550524940354064,0.23808160145387544
isolet,60,1.0,1.0003930896650108,0.02980625351052526,0.030454763723596363,0.1394883995148504,-0.01135871282278462
isolet,61,0.0,0.5192964997679738,0.0165934137448165,0.015531067080740302,0.1017179521396292,1.0
isolet,61,0.25,0.7117983480679496,0.02274454863001338,0.02262109232294448,0.12002615941743922,0.7555989428379798
isolet,61,0.5,0.8785128163411283,0.02807168284050774,0.02681304572882316,0.13036938226960304,0.5095816179063751
isolet,61,0.75,0.9717075148534591,0.031049592747332638,0.03108078514387242,0.1403329900137897,0.24171235219148784
isolet,61,1.0,0.9995949477258088,0.031940697756009676,0.030705809430221442,0.13929751005968685,-0.018318521444147216
isolet,62,0.0,0.6587623269706313,0.0415604691546349,0.040434932369669,0.1565543421611538,1.0
isolet,62,0.25,0.7869096107688874,0.049645116708843216,0.04793341357626128,0.17080319001670513,0.7569466272964162
isolet,62,0.5,0.9188899769125978,0.057971588505366635,0.057953830651761365,0.18804920687262747,0.49424404707328307
isolet,62,0.75,0.9730910360897598,0.061391063717982156,0.060747361637704965,0.19329800748728554,0.2551397124686726
isolet,62,1.0,1.000861823013619,0.06314308699875552,0.06249679593466552,0.1969936661324272,-0.0026136879125450005
isolet,63,0.0,0.3225452902682811,0.0105279517923358,0.0108281163279038,0.083179905409643,1.0
isolet,63,0.25,0.6376551396835412,0.02081320910046362,0.02088927934159124,0.11430124899034018,0.7412397670044639
isolet,63,0.5,0.8265585655022918,0.02697905997608086,0.026583193521532423,0.12958204599601483,0.492669380655259
isolet,63,0.75,0.9517015620891204,0.03106375590860782,0.0320447072523526,0.14200797367506945,0.2566893915849996
isolet,63,1.0,1.0001865428390493,0.03264631673150188,0.031499477084393865,0.14201126943723966,0.00743960928368458
isolet,64,0.0,0.5669727346279291,0.0222654459463093,0.0223255839727454,0.1205350369824,1.0
isolet,64,0.25,0.7654555589303653,0.030060015818662838,0.03008344313500282,0.1381546593974804,0.7473947823996999
isolet,64,0.5,0.8988942699082845,0.03530025441386406,0.0341722793325136,0.14825864858920665,0.49706445498748747
isolet,64,0.75,0.9794125554106978,0.0384622680770431,0.03895551300553704,0.15726031388947764,0.23893522279800444
isolet,64,1.0,1.0010134231464713,0.03931055040807946,0.03932603937874624,0.1576903506504958,0.005542256735157619
isolet,65,0.0,0.2507343447267244,0.006273213623613801,0.006352976695611601,0.0628589826922139,1.0
isolet,65,0.25,0.5715347288523069,0.014299434931071862,0.014349077531898199,0.09525288041510332,0.7512558351275141
isolet,65,0.5,0.8040260172572079,0.02011621890369736,0.02032198106692788,0.11417436721444776,0.5023351340869601
isolet,65,0.75,0.9495873850262363,0.0237580716237775,0.02335892019191218,0.12196979491918492,0.2634564477841197
isolet,65,1.0,0.998424819698605,0.024979953136910323,0.02500190059310898,0.125408139626257,0.011953068655223501
isolet,66,0.0,0.3406833814221481,0.0086239369218592,0.0094617608810005,0.0785313342386991,1.0
isolet,66,0.25,0.6356884032627456,0.01609158823307056,0.0164459534865296,0.10228695278854043,0.7736344430719865
isolet,66,0.5,0.840221789139667,0.02126907300163694,0.021186236298786958,0.1161275608209124,0.5027367262060126
isolet,66,0.75,0.9649321495476576,0.02442594633420542,0.02372180145411986,0.12309411118530711,0.24688159860155875
isolet,66,1.0,0.9992117964100202,0.025293689019541522,0.02547075320140068,0.1261707333202091,0.0012178766898592
isolet,67,0.0,0.2322150848763255,0.0065269773279367,0.006530480744452701,0.0644578158656127,1.0
isolet,67,0.25,0.5683861067073943,0.01597589249625716,0.016121259483732338,0.10133059117818824,0.7437050892846995
isolet,67,0.5,0.8203942509369785,0.023059202543569298,0.02393697411136706,0.1236832791800303,0.4903260470263728
isolet,67,0.75,0.9508650761632138,0.02672640667314762,0.026630169504821798,0.1307376446213715,0.26193776198955443
isolet,67,1.0,0.9995522547944742,0.028094879833522563,0.02808487129686214,0.13366013236697177,0.0015564750821974594
isolet,68,0.0,0.4206697402646003,0.0136935637007812,0.0125177363346651,0.0900052257760441,1.0
isolet,68,0.25,0.6892579340096485,0.02243659698387914,0.022006056186153082,0.11884094207034565,0.7411576369600243
isolet,68,0.5,0.8712014294128334,0.02835918804707086,0.027889572424553782,0.13347965842195214,0.5054391572991898
isolet,68,0.75,0.9762838810002629,0.031779812605760585,0.03223455526487036,0.14341845148504956,0.23664868318922058
isolet,68,1.0,0.999918454893103,0.03254916089056677,0.0331426883995948,0.14612174953147136,0.01638453000185286
isolet,69,0.0,0.6506171737189321,0.0115974287994143,0.011125293990285,0.0766796659061593,1.0
isolet,69,0.25,0.8067719857641114,0.01438093096863656,0.01423626656188624,0.08954278899521938,0.7530187822404775
isolet,69,0.5,0.9251073461074757,0.016490291083111598,0.01647785071397164,0.09697798514676478,0.5020463248626895
isolet,69,0.75,0.9807877996455966,0.01748281037327474,0.01763499696209088,0.10261612178021791,0.23086122015376614
isolet,69,1.0,1.0006670531276942,0.01783716349544384,0.017336483463771802,0.10171498236747381,0.016035567642136518
isolet,70,0.0,0.3702441547747565,0.0077657023149932,0.0082021014676963,0.0707784707061462,1.0
isolet,70,0.25,0.6114674637588966,0.012825251223059362,0.01353052781494286,0.09207457039870885,0.7562856259207249
isolet,70,0.5,0.8154640426598864,0.0171039864430276,0.01715208355547538,0.10390472683300966,0.5007115644213984
isolet,70,0.75,0.9470482463880561,0.01986390511380326,0.02062515426394316,0.11397208495199126,0.2431547854163462
isolet,70,1.0,1.0003330492474478,0.02098152955589844,0.02060894652461186,0.11459843407817524,0.02171733601559958
isolet,71,0.0,0.5300493766638597,0.0171744696132189,0.0156290940259938,0.0993077357396411,1.0
isolet,71,0.25,0.7267760135295485,0.023548735475441042,0.02172903876211122,0.11603704528884573,0.7511436615202342
isolet,71,0.5,0.8799194188359977,0.0285108331152019,0.02784659565434358,0.13225879323805328,0.5074858612837533
isolet,71,0.75,0.9680379832687933,0.031366019205103256,0.02999748357977102,0.1375009715865246,0.2301753678386554
isolet,71,1.0,1.000358881001455,0.03241326933012996,0.03304982096008406,0.14433113242122134,-0.004082935867331239
isolet,72,0.0,0.5775613263606901,0.0199243238396352,0.0182637082722915,0.1064125274469849,1.0
isolet,72,0.25,0.7550291123575545,0.026046488669446522,0.025186600095231597,0.12478028673881521,0.7492231755890018
isolet,72,0.5,0.887647190955191,0.030621458329585037,0.0301984945832305,0.13674754225640465,0.49417382484302774
isolet,72,0.75,0.9697366853453488,0.033453326731106084,0.03319630875517252,0.14345534424609335,0.25184380277809126
isolet,72,1.0,0.9987817715566816,0.03445530466351236,0.03512048334411948,0.1473321546708433,-0.00259948625902732
isolet,73,0.0,0.6069150470508895,0.012323594910696,0.0125532065089571,0.0878690222300849,1.0
isolet,73,0.25,0.7752383708550454,0.01574145127570788,0.01564595969970782,0.09891694019837366,0.7598367528135934
isolet,73,0.5,0.8860725054979841,0.01799197214226762,0.01765434987286072,0.10563601794964834,0.5062029276277491
isolet,73,0.75,0.9790794648797112,0.01988050678457956,0.02045104969329278,0.11392338280294281,0.23969996720487216
isolet,73,1.0,1.0015094065827146,0.02033595358353684,0.020791238547634,0.11412359357218389,-0.00611057258385766
isolet,74,0.0,0.5345342144011018,0.0219036859070078,0.0212838908272297,0.11755266748856649,1.0
isolet,74,0.25,0.740650084350502,0.03034972575663582,0.0292072039523733,0.13645483783473328,0.7429375160119822
isolet,74,0.5,0.8784476888037499,0.0359962781481675,0.03503850947777204,0.14941500806793823,0.5037887268705745
isolet,74,0.75,0.9656254535779473,0.03956857403913952,0.0383400135645117,0.15536183009420995,0.25479586152299527
isolet,74,1.0,1.0009604008540713,0.04101649929036796,0.04195779484040692,0.16272669257243283,-0.004895564713126919
isolet,75,0.0,0.5276987083153405,0.0202215030839633,0.0193154167308611,0.109654941311305,1.0
isolet,75,0.25,0.7280785535307783,0.02790009238906858,0.02695922049207296,0.12949059647693842,0.7582266517457382
isolet,75,0.5,0.8843858173271123,0.03388981297601878,0.03307533888085476,0.14423939337060948,0.501079806843789
isolet,75,0.75,0.9675357989926863,0.037076134231285356,0.0377778882117978,0.15310507223174624,0.2684029624817736
isolet,75,1.0,1.000107819393253,0.03832429952068644,0.03888824325870714,0.15510621921736065,-0.0179190490202455
isolet,76,0.0,0.43835716808151715,0.019325930917622,0.0196215724980386,0.111032436030396,1.0
isolet,76,0.25,0.6995647333688527,0.030841835594158616,0.030403752165195162,0.13901484034216677,0.7470557901201456
isolet,76,0.5,0.8814765968427027,0.03886181647408288,0.03965096693852706,0.15848317920285565,0.4970746964893804
isolet,76,0.75,0.9695661568879854,0.04274543667230962,0.0431274874344472,0.16522793262460686,0.2330326009505032
isolet,76,1.0,1.0004804727549916,0.04410836164836522,0.044645836565723615,0.16749627030909622,0.00541733716338782
isolet,77,0.0,0.5753686384008808,0.0140812096717511,0.0145193762252631,0.0923748845990323,1.0
isolet,77,0.25,0.7680456281860796,0.01879666496599134,0.01949229256042662,0.10954128886175225,0.753107743427044
isolet,77,0.5,0.88949800615432,0.02176901397002584,0.021866759381309338,0.11650745640741204,0.5092369665922972
isolet,77,0.75,0.9680945685772944,0.02369253673628702,0.02348252625026416,0.12083484319590113,0.2731383310493158
isolet,77,1.0,1.0005160142461922,0.024485998777586122,0.02354465321401188,0.1220502154273015,0.01052753697012596
isolet,78,0.0,0.5677742544566167,0.0026963028121163,0.0026338469956073,0.0404893553407492,1.0
isolet,78,0.25,0.7755912059332319,0.00368320460675318,0.00368934442053834,0.04789357824384296,0.7489430397004309
isolet,78,0.5,0.9022701817448547,0.00428479031803872,0.0043470788634620795,0.05200578340438864,0.4867376771635322
isolet,78,0.75,0.971319410499708,0.00461269815853134,0.004616770896388541,0.05353278664396778,0.23758938227024
isolet,78,1.0,1.0010944582556813,0.00475409686473398,0.004841090728158181,0.0552526297497765,0.02190563799000244
isolet,79,0.0,0.5742971786833311,0.0232143133234263,0.0234910097060281,0.12471405348817519,1.0
isolet,79,0.25,0.7747755734073175,0.031318076396701575,0.03185628779560546,0.14203010016573986,0.7399783885766522
isolet,79,0.5,0.8958201718971299,0.036210956493889515,0.03687535769702408,0.15282986354520692,0.4979202746305004
isolet,79,0.75,0.9753172438098601,0.03942439720747286,0.03961445077168958,0.1586155205019712,0.263920540293748
isolet,79,1.0,1.0005495687542738,0.0404443414434537,0.04069051343214028,0.16096757352692648,0.00651924815867824
