dataset,query_id,raw_row_id,grouping,candidate_size,candidate_fraction,mass_recall,variance_ratio
isolet,0,2479,old_annuli,1297,0.7205555555555555,0.9883996067873952,1.0060943626263412
isolet,0,2479,hamming_quantile,1297,0.7205555555555555,0.9883996067873952,0.9507480672386632
isolet,0,2479,real_quantile,1297,0.7205555555555555,0.9883996067873952,0.9398655009000596
isolet,0,2479,random_quantile,1297,0.7205555555555555,0.9883996067873952,1.002150929837646
isolet,0,2479,ordered_quantile,1297,0.7205555555555555,0.9883996067873952,0.6892276830165204
isolet,1,4270,old_annuli,1772,0.9844444444444445,0.997775058324012,1.0137375404027762
isolet,1,4270,hamming_quantile,1772,0.9844444444444445,0.997775058324012,0.8862788712088588
isolet,1,4270,real_quantile,1772,0.9844444444444445,0.997775058324012,0.9282809403691016
isolet,1,4270,random_quantile,1772,0.9844444444444445,0.997775058324012,1.0124046504163782
isolet,1,4270,ordered_quantile,1772,0.9844444444444445,0.997775058324012,0.528709914326763
isolet,2,3910,old_annuli,1791,0.995,0.999436290332681,0.9947257186507332
isolet,2,3910,hamming_quantile,1791,0.995,0.999436290332681,0.9712690719388826
isolet,2,3910,real_quantile,1791,0.995,0.999436290332681,0.9929624374058112
isolet,2,3910,random_quantile,1791,0.995,0.999436290332681,1.0034168745717502
isolet,2,3910,ordered_quantile,1791,0.995,0.999436290332681,0.7845861326828073
isolet,3,4477,old_annuli,1779,0.9883333333333332,0.9999794564511768,1.013896263601593
isolet,3,4477,hamming_quantile,1779,0.9883333333333332,0.9999794564511768,0.9227964739256228
isolet,3,4477,real_quantile,1779,0.9883333333333332,0.9999794564511768,0.9702717336398656
isolet,3,4477,random_quantile,1779,0.9883333333333332,0.9999794564511768,0.9939496640132599
isolet,3,4477,ordered_quantile,1779,0.9883333333333332,0.9999794564511768,0.6991019382536378
isolet,4,2365,old_annuli,1794,0.9966666666666668,0.999666093941974,1.013683555132458
isolet,4,2365,hamming_quantile,1794,0.9966666666666668,0.999666093941974,0.9884081526792914
isolet,4,2365,real_quantile,1794,0.9966666666666668,0.999666093941974,0.9734018323795516
isolet,4,2365,random_quantile,1794,0.9966666666666668,0.999666093941974,1.007533296678823
isolet,4,2365,ordered_quantile,1794,0.9966666666666668,0.999666093941974,0.4824491431443828
isolet,5,2761,old_annuli,1797,0.9983333333333332,0.9999950941614888,1.0139359932960983
isolet,5,2761,hamming_quantile,1797,0.9983333333333332,0.9999950941614888,0.8773036464310418
isolet,5,2761,real_quantile,1797,0.9983333333333332,0.9999950941614888,0.9192180759812242
isolet,5,2761,random_quantile,1797,0.9983333333333332,0.9999950941614888,1.0086665078430364
isolet,5,2761,ordered_quantile,1797,0.9983333333333332,0.9999950941614888,0.7159502089349159
isolet,6,3765,old_annuli,1280,0.7111111111111111,0.9533312758133028,1.0048884577830477
isolet,6,3765,hamming_quantile,1280,0.7111111111111111,0.9533312758133028,0.9579574563829258
isolet,6,3765,real_quantile,1280,0.7111111111111111,0.9533312758133028,0.9833158986183146
isolet,6,3765,random_quantile,1280,0.7111111111111111,0.9533312758133028,1.0001813773635078
isolet,6,3765,ordered_quantile,1280,0.7111111111111111,0.9533312758133028,0.4752339791794831
isolet,7,3041,old_annuli,1791,0.995,0.9999914353510312,1.01402545004658
isolet,7,3041,hamming_quantile,1791,0.995,0.9999914353510312,0.9639706521149392
isolet,7,3041,real_quantile,1791,0.995,0.9999914353510312,0.9675210394934584
isolet,7,3041,random_quantile,1791,0.995,0.9999914353510312,0.9944938341554472
isolet,7,3041,ordered_quantile,1791,0.995,0.9999914353510312,0.9112165878220698
isolet,8,4309,old_annuli,1791,0.995,0.9999997762714972,1.0058036250336777
isolet,8,4309,hamming_quantile,1791,0.995,0.9999997762714972,0.8363455874938455
isolet,8,4309,real_quantile,1791,0.995,0.9999997762714972,0.9734606738663376
isolet,8,4309,random_quantile,1791,0.995,0.9999997762714972,0.9967123706660008
isolet,8,4309,ordered_quantile,1791,0.995,0.9999997762714972,0.4327034385103764
isolet,9,978,old_annuli,1312,0.7288888888888889,0.8526306569593637,0.9988746285661128
isolet,9,978,hamming_quantile,1312,0.7288888888888889,0.8526306569593637,0.9972168992280388
isolet,9,978,real_quantile,1312,0.7288888888888889,0.8526306569593637,0.9938840765051214
isolet,9,978,random_quantile,1312,0.7288888888888889,0.8526306569593637,0.9955556206062454
isolet,9,978,ordered_quantile,1312,0.7288888888888889,0.8526306569593637,0.488209402696572
isolet,10,5623,old_annuli,1796,0.9977777777777778,0.9999870487659468,1.0138808681699876
isolet,10,5623,hamming_quantile,1796,0.9977777777777778,0.9999870487659468,0.885193755267531
isolet,10,5623,real_quantile,1796,0.9977777777777778,0.9999870487659468,0.9996289784805988
isolet,10,5623,random_quantile,1796,0.9977777777777778,0.9999870487659468,1.0033413494088728
isolet,10,5623,ordered_quantile,1796,0.9977777777777778,0.9999870487659468,0.6501879299437605
isolet,11,1697,old_annuli,1294,0.7188888888888889,0.9432538924873152,1.0049920921065925
isolet,11,1697,hamming_quantile,1294,0.7188888888888889,0.9432538924873152,0.9886833066759028
isolet,11,1697,real_quantile,1294,0.7188888888888889,0.9432538924873152,0.9655157068845286
isolet,11,1697,random_quantile,1294,0.7188888888888889,0.9432538924873152,1.0049159521448696
isolet,11,1697,ordered_quantile,1294,0.7188888888888889,0.9432538924873152,0.5239174264002853
isolet,12,4973,old_annuli,1331,0.7394444444444445,0.8582705933834294,0.990123238236034
isolet,12,4973,hamming_quantile,1331,0.7394444444444445,0.8582705933834294,0.9456575935533102
isolet,12,4973,real_quantile,1331,0.7394444444444445,0.8582705933834294,1.0075452711286508
isolet,12,4973,random_quantile,1331,0.7394444444444445,0.8582705933834294,1.0024562976877385
isolet,12,4973,ordered_quantile,1331,0.7394444444444445,0.8582705933834294,0.3558350915735951
isolet,13,221,old_annuli,1795,0.9972222222222222,0.9999876773833588,1.013743262098677
isolet,13,221,hamming_quantile,1795,0.9972222222222222,0.9999876773833588,0.8887213182424688
isolet,13,221,real_quantile,1795,0.9972222222222222,0.9999876773833588,0.961722968337108
isolet,13,221,random_quantile,1795,0.9972222222222222,0.9999876773833588,1.0036526144292512
isolet,13,221,ordered_quantile,1795,0.9972222222222222,0.9999876773833588,0.5066991636536807
isolet,14,2533,old_annuli,1261,0.7005555555555556,0.998806109641936,1.0024203794589364
isolet,14,2533,hamming_quantile,1261,0.7005555555555556,0.998806109641936,0.7758937667663228
isolet,14,2533,real_quantile,1261,0.7005555555555556,0.998806109641936,0.9816722324129152
isolet,14,2533,random_quantile,1261,0.7005555555555556,0.998806109641936,1.0096407045056306
isolet,14,2533,ordered_quantile,1261,0.7005555555555556,0.998806109641936,0.5597439796896735
isolet,15,4439,old_annuli,1756,0.9755555555555556,0.9996535276410224,1.0137668008683798
isolet,15,4439,hamming_quantile,1756,0.9755555555555556,0.9996535276410224,0.8641248203000877
isolet,15,4439,real_quantile,1756,0.9755555555555556,0.9996535276410224,0.944977822264836
isolet,15,4439,random_quantile,1756,0.9755555555555556,0.9996535276410224,1.0031113171187005
isolet,15,4439,ordered_quantile,1756,0.9755555555555556,0.9996535276410224,0.5584191506773574
isolet,16,3905,old_annuli,1257,0.6983333333333334,0.9929975722316156,0.9960940086117124
isolet,16,3905,hamming_quantile,1257,0.6983333333333334,0.9929975722316156,0.757832360418956
isolet,16,3905,real_quantile,1257,0.6983333333333334,0.9929975722316156,0.9807318633153332
isolet,16,3905,random_quantile,1257,0.6983333333333334,0.9929975722316156,1.0066663682537729
isolet,16,3905,ordered_quantile,1257,0.6983333333333334,0.9929975722316156,0.4646697504804834
isolet,17,218,old_annuli,1799,0.9994444444444444,0.999770063199965,1.013730346748214
isolet,17,218,hamming_quantile,1799,0.9994444444444444,0.999770063199965,0.9334457043738148
isolet,17,218,real_quantile,1799,0.9994444444444444,0.999770063199965,0.9982868815096444
isolet,17,218,random_quantile,1799,0.9994444444444444,0.999770063199965,1.0088895727467224
isolet,17,218,ordered_quantile,1799,0.9994444444444444,0.999770063199965,0.7112765196536156
isolet,18,5294,old_annuli,1795,0.9972222222222222,0.9999574014993464,1.0060177912513384
isolet,18,5294,hamming_quantile,1795,0.9972222222222222,0.9999574014993464,0.9078679212777194
isolet,18,5294,real_quantile,1795,0.9972222222222222,0.9999574014993464,1.0180903959795702
isolet,18,5294,random_quantile,1795,0.9972222222222222,0.9999574014993464,1.0024324868705854
isolet,18,5294,ordered_quantile,1795,0.9972222222222222,0.9999574014993464,0.8409997129470372
isolet,19,1201,old_annuli,1441,0.8005555555555556,0.9962539881961447,1.0055001670895272
isolet,19,1201,hamming_quantile,1441,0.8005555555555556,0.9962539881961447,0.9458713256821888
isolet,19,1201,real_quantile,1441,0.8005555555555556,0.9962539881961447,0.8768153942500159
isolet,19,1201,random_quantile,1441,0.8005555555555556,0.9962539881961447,1.0070324782135684
isolet,19,1201,ordered_quantile,1441,0.8005555555555556,0.9962539881961447,0.7853708686131708
isolet,20,5281,old_annuli,1358,0.7544444444444445,0.9508308204398972,1.004987298034983
isolet,20,5281,hamming_quantile,1358,0.7544444444444445,0.9508308204398972,0.974376198309003
isolet,20,5281,real_quantile,1358,0.7544444444444445,0.9508308204398972,0.9853348550976528
isolet,20,5281,random_quantile,1358,0.7544444444444445,0.9508308204398972,0.9958154217569554
isolet,20,5281,ordered_quantile,1358,0.7544444444444445,0.9508308204398972,0.4321483444378194
isolet,21,5135,old_annuli,1800,1.0,1.0,1.0058606196755888
isolet,21,5135,hamming_quantile,1800,1.0,1.0,0.9889932130394238
isolet,21,5135,real_quantile,1800,1.0,1.0,0.9818525446165484
isolet,21,5135,random_quantile,1800,1.0,1.0,0.9997297717823009
isolet,21,5135,ordered_quantile,1800,1.0,1.0,0.6391852452563255
isolet,22,4147,old_annuli,1700,0.9444444444444444,0.9970577479995544,0.9887464360352785
isolet,22,4147,hamming_quantile,1700,0.9444444444444444,0.9970577479995544,0.9134413162067988
isolet,22,4147,real_quantile,1700,0.9444444444444444,0.9970577479995544,0.9603022179018608
isolet,22,4147,random_quantile,1700,0.9444444444444444,0.9970577479995544,0.998291256180044
isolet,22,4147,ordered_quantile,1700,0.9444444444444444,0.9970577479995544,0.7130886490818074
isolet,23,885,old_annuli,1260,0.7,0.9164634190652348,1.003152096752877
isolet,23,885,hamming_quantile,1260,0.7,0.9164634190652348,0.9442220360480073
isolet,23,885,real_quantile,1260,0.7,0.9164634190652348,0.9897389609664656
isolet,23,885,random_quantile,1260,0.7,0.9164634190652348,1.0007117086426542
isolet,23,885,ordered_quantile,1260,0.7,0.9164634190652348,0.546566767804972
isolet,24,4727,old_annuli,1498,0.8322222222222222,0.96911314072953,1.0049261850501847
isolet,24,4727,hamming_quantile,1498,0.8322222222222222,0.96911314072953,0.9783814656900148
isolet,24,4727,real_quantile,1498,0.8322222222222222,0.96911314072953,0.9919457164535822
isolet,24,4727,random_quantile,1498,0.8322222222222222,0.96911314072953,1.003261194697751
isolet,24,4727,ordered_quantile,1498,0.8322222222222222,0.96911314072953,0.2256006824414667
isolet,25,3679,old_annuli,1301,0.7227777777777777,0.9571653944323282,0.996857728435583
isolet,25,3679,hamming_quantile,1301,0.7227777777777777,0.9571653944323282,0.901304639773998
isolet,25,3679,real_quantile,1301,0.7227777777777777,0.9571653944323282,1.020235059203941
isolet,25,3679,random_quantile,1301,0.7227777777777777,0.9571653944323282,1.000565498831101
isolet,25,3679,ordered_quantile,1301,0.7227777777777777,0.9571653944323282,0.596404173122556
isolet,26,875,old_annuli,1348,0.7488888888888889,0.948646941445394,1.0051021647364575
isolet,26,875,hamming_quantile,1348,0.7488888888888889,0.948646941445394,0.998734158932713
isolet,26,875,real_quantile,1348,0.7488888888888889,0.948646941445394,0.981089366017052
isolet,26,875,random_quantile,1348,0.7488888888888889,0.948646941445394,1.0042048686403908
isolet,26,875,ordered_quantile,1348,0.7488888888888889,0.948646941445394,0.4844624483918492
isolet,27,3620,old_annuli,1546,0.8588888888888889,0.9431887210451728,0.983450620570587
isolet,27,3620,hamming_quantile,1546,0.8588888888888889,0.9431887210451728,0.9452073446211284
isolet,27,3620,real_quantile,1546,0.8588888888888889,0.9431887210451728,1.0051588112908465
isolet,27,3620,random_quantile,1546,0.8588888888888889,0.9431887210451728,0.9994289601242752
isolet,27,3620,ordered_quantile,1546,0.8588888888888889,0.9431887210451728,0.4023377930110282
isolet,28,312,old_annuli,1534,0.8522222222222222,0.9827490579015686,0.9978784037480368
isolet,28,312,hamming_quantile,1534,0.8522222222222222,0.9827490579015686,0.9172838437960208
isolet,28,312,real_quantile,1534,0.8522222222222222,0.9827490579015686,1.002588173841532
isolet,28,312,random_quantile,1534,0.8522222222222222,0.9827490579015686,0.9996859882610434
isolet,28,312,ordered_quantile,1534,0.8522222222222222,0.9827490579015686,0.5493717392109027
isolet,29,166,old_annuli,1248,0.6933333333333334,0.993129321948268,0.9968046104462092
isolet,29,166,hamming_quantile,1248,0.6933333333333334,0.993129321948268,0.7398311376118947
isolet,29,166,real_quantile,1248,0.6933333333333334,0.993129321948268,0.9781975939822642
isolet,29,166,random_quantile,1248,0.6933333333333334,0.993129321948268,0.9981860667777062
isolet,29,166,ordered_quantile,1248,0.6933333333333334,0.993129321948268,0.4773176771280316
isolet,30,1042,old_annuli,1799,0.9994444444444444,0.999996858243278,1.005900250821227
isolet,30,1042,hamming_quantile,1799,0.9994444444444444,0.999996858243278,0.8988624873465635
isolet,30,1042,real_quantile,1799,0.9994444444444444,0.999996858243278,0.9779029506892724
isolet,30,1042,random_quantile,1799,0.9994444444444444,0.999996858243278,0.9991373641435606
isolet,30,1042,ordered_quantile,1799,0.9994444444444444,0.999996858243278,0.589047387870151
isolet,31,1831,old_annuli,1475,0.8194444444444444,0.9935567618788816,0.9965318450449888
isolet,31,1831,hamming_quantile,1475,0.8194444444444444,0.9935567618788816,0.934625860644515
isolet,31,1831,real_quantile,1475,0.8194444444444444,0.9935567618788816,0.9732367280848728
isolet,31,1831,random_quantile,1475,0.8194444444444444,0.9935567618788816,1.0116204213585693
isolet,31,1831,ordered_quantile,1475,0.8194444444444444,0.9935567618788816,0.7493897630287446
isolet,32,3019,old_annuli,1371,0.7616666666666667,0.9107247650179936,1.0051744217754162
isolet,32,3019,hamming_quantile,1371,0.7616666666666667,0.9107247650179936,0.9891103450829966
isolet,32,3019,real_quantile,1371,0.7616666666666667,0.9107247650179936,0.9711278602699968
isolet,32,3019,random_quantile,1371,0.7616666666666667,0.9107247650179936,1.007902013768938
isolet,32,3019,ordered_quantile,1371,0.7616666666666667,0.9107247650179936,0.5676909614802768
isolet,33,3078,old_annuli,1796,0.9977777777777778,0.9999771773399656,1.0139163265837396
isolet,33,3078,hamming_quantile,1796,0.9977777777777778,0.9999771773399656,0.9273319506089892
isolet,33,3078,real_quantile,1796,0.9977777777777778,0.9999771773399656,1.025346766141177
isolet,33,3078,random_quantile,1796,0.9977777777777778,0.9999771773399656,0.9935784327601075
isolet,33,3078,ordered_quantile,1796,0.9977777777777778,0.9999771773399656,0.7007092472528569
isolet,34,4958,old_annuli,1248,0.6933333333333334,0.9972995644763246,0.999189380939584
isolet,34,4958,hamming_quantile,1248,0.6933333333333334,0.9972995644763246,0.8440070683670724
isolet,34,4958,real_quantile,1248,0.6933333333333334,0.9972995644763246,0.9718218398343434
isolet,34,4958,random_quantile,1248,0.6933333333333334,0.9972995644763246,1.0014841848610665
isolet,34,4958,ordered_quantile,1248,0.6933333333333334,0.9972995644763246,0.6802376490615342
isolet,35,972,old_annuli,1248,0.6933333333333334,0.9976565026518796,0.9980614136470898
isolet,35,972,hamming_quantile,1248,0.6933333333333334,0.9976565026518796,0.7607645387374652
isolet,35,972,real_quantile,1248,0.6933333333333334,0.9976565026518796,0.9148386237777624
isolet,35,972,random_quantile,1248,0.6933333333333334,0.9976565026518796,0.997777426633637
isolet,35,972,ordered_quantile,1248,0.6933333333333334,0.9976565026518796,0.4850518517132789
isolet,36,254,old_annuli,1248,0.6933333333333334,0.9972406064658648,0.8440497689451656
isolet,36,254,hamming_quantile,1248,0.6933333333333334,0.9972406064658648,0.829976564245518
isolet,36,254,real_quantile,1248,0.6933333333333334,0.9972406064658648,0.9963545863602518
isolet,36,254,random_quantile,1248,0.6933333333333334,0.9972406064658648,0.9994350521605393
isolet,36,254,ordered_quantile,1248,0.6933333333333334,0.9972406064658648,0.6503362256927753
isolet,37,2745,old_annuli,1298,0.7211111111111111,0.9553977509335566,1.0050364016598208
isolet,37,2745,hamming_quantile,1298,0.7211111111111111,0.9553977509335566,0.9667718535102852
isolet,37,2745,real_quantile,1298,0.7211111111111111,0.9553977509335566,0.9549307811105964
isolet,37,2745,random_quantile,1298,0.7211111111111111,0.9553977509335566,1.0039830799316127
isolet,37,2745,ordered_quantile,1298,0.7211111111111111,0.9553977509335566,0.610633868910594
isolet,38,2254,old_annuli,1248,0.6933333333333334,0.9513583887793168,0.9970906170688631
isolet,38,2254,hamming_quantile,1248,0.6933333333333334,0.9513583887793168,0.9673899814659228
isolet,38,2254,real_quantile,1248,0.6933333333333334,0.9513583887793168,0.99975335130895
isolet,38,2254,random_quantile,1248,0.6933333333333334,0.9513583887793168,1.0014834076698835
isolet,38,2254,ordered_quantile,1248,0.6933333333333334,0.9513583887793168,0.4637979477004623
isolet,39,3983,old_annuli,1248,0.6933333333333334,0.9924741257044156,0.9986084393546704
isolet,39,3983,hamming_quantile,1248,0.6933333333333334,0.9924741257044156,0.8613829660158374
isolet,39,3983,real_quantile,1248,0.6933333333333334,0.9924741257044156,0.9522803207694892
isolet,39,3983,random_quantile,1248,0.6933333333333334,0.9924741257044156,0.9995096845530872
isolet,39,3983,ordered_quantile,1248,0.6933333333333334,0.9924741257044156,0.5899942895938605
isolet,40,3618,old_annuli,1368,0.76,0.9146808921700365,1.0048765369593349
isolet,40,3618,hamming_quantile,1368,0.76,0.9146808921700365,0.9985031079951828
isolet,40,3618,real_quantile,1368,0.76,0.9146808921700365,0.9935077328556498
isolet,40,3618,random_quantile,1368,0.76,0.9146808921700365,0.9996028418411294
isolet,40,3618,ordered_quantile,1368,0.76,0.9146808921700365,0.3799647508044037
isolet,41,1120,old_annuli,1290,0.7166666666666667,0.9989436457550788,1.0061157612571825
isolet,41,1120,hamming_quantile,1290,0.7166666666666667,0.9989436457550788,0.91905365671935
isolet,41,1120,real_quantile,1290,0.7166666666666667,0.9989436457550788,0.9016740826378664
isolet,41,1120,random_quantile,1290,0.7166666666666667,0.9989436457550788,1.0112984517038248
isolet,41,1120,ordered_quantile,1290,0.7166666666666667,0.9989436457550788,0.8745713446103203
isolet,42,3637,old_annuli,1255,0.6972222222222222,0.996733445072858,0.9968213653630918
isolet,42,3637,hamming_quantile,1255,0.6972222222222222,0.996733445072858,0.8155951981076367
isolet,42,3637,real_quantile,1255,0.6972222222222222,0.996733445072858,0.9767292191911712
isolet,42,3637,random_quantile,1255,0.6972222222222222,0.996733445072858,1.001239271358934
isolet,42,3637,ordered_quantile,1255,0.6972222222222222,0.996733445072858,0.5015911744923098
isolet,43,4557,old_annuli,1291,0.7172222222222222,0.9574003959872752,0.9991638028654972
isolet,43,4557,hamming_quantile,1291,0.7172222222222222,0.9574003959872752,0.9204846278209048
isolet,43,4557,real_quantile,1291,0.7172222222222222,0.9574003959872752,1.022886714446056
isolet,43,4557,random_quantile,1291,0.7172222222222222,0.9574003959872752,0.9991221036686788
isolet,43,4557,ordered_quantile,1291,0.7172222222222222,0.9574003959872752,0.6398963456995297
isolet,44,2521,old_annuli,1794,0.9966666666666668,0.9994590107180308,1.0058064075752646
isolet,44,2521,hamming_quantile,1794,0.9966666666666668,0.9994590107180308,0.8884501513810419
isolet,44,2521,real_quantile,1794,0.9966666666666668,0.9994590107180308,0.9715845072776748
isolet,44,2521,random_quantile,1794,0.9966666666666668,0.9994590107180308,1.0081400370032896
isolet,44,2521,ordered_quantile,1794,0.9966666666666668,0.9994590107180308,0.5299626915698773
isolet,45,144,old_annuli,1302,0.7233333333333334,0.917464233725196,1.004890887345011
isolet,45,144,hamming_quantile,1302,0.7233333333333334,0.917464233725196,0.9814792300023956
isolet,45,144,real_quantile,1302,0.7233333333333334,0.917464233725196,0.9810532147331588
isolet,45,144,random_quantile,1302,0.7233333333333334,0.917464233725196,1.0084895447735067
isolet,45,144,ordered_quantile,1302,0.7233333333333334,0.917464233725196,0.6566498923914046
isolet,46,1065,old_annuli,1795,0.9972222222222222,0.9999682191206344,1.0139580631076706
isolet,46,1065,hamming_quantile,1795,0.9972222222222222,0.9999682191206344,0.915662223019352
isolet,46,1065,real_quantile,1795,0.9972222222222222,0.9999682191206344,0.9977536529366726
isolet,46,1065,random_quantile,1795,0.9972222222222222,0.9999682191206344,0.9767269801212161
isolet,46,1065,ordered_quantile,1795,0.9972222222222222,0.9999682191206344,0.7876802070510271
isolet,47,1933,old_annuli,1271,0.7061111111111111,0.9671225720124068,1.0048883636342347
isolet,47,1933,hamming_quantile,1271,0.7061111111111111,0.9671225720124068,0.9215945981629604
isolet,47,1933,real_quantile,1271,0.7061111111111111,0.9671225720124068,0.9881467542264798
isolet,47,1933,random_quantile,1271,0.7061111111111111,0.9671225720124068,1.0074593824269804
isolet,47,1933,ordered_quantile,1271,0.7061111111111111,0.9671225720124068,0.5056719935778894
isolet,48,2203,old_annuli,1766,0.9811111111111112,0.9939484497258908,1.0051157201222076
isolet,48,2203,hamming_quantile,1766,0.9811111111111112,0.9939484497258908,0.9713191231512168
isolet,48,2203,real_quantile,1766,0.9811111111111112,0.9939484497258908,0.9893200686714
isolet,48,2203,random_quantile,1766,0.9811111111111112,0.9939484497258908,1.0028428618637126
isolet,48,2203,ordered_quantile,1766,0.9811111111111112,0.9939484497258908,0.5159065161572403
isolet,49,1890,old_annuli,1798,0.9988888888888888,0.9999632550552188,1.0059376609294732
isolet,49,1890,hamming_quantile,1798,0.9988888888888888,0.9999632550552188,0.8679373180081968
isolet,49,1890,real_quantile,1798,0.9988888888888888,0.9999632550552188,0.987122005302352
isolet,49,1890,random_quantile,1798,0.9988888888888888,0.9999632550552188,1.0022009259649425
isolet,49,1890,ordered_quantile,1798,0.9988888888888888,0.9999632550552188,0.6739707725351248
isolet,50,4077,old_annuli,1420,0.7888888888888889,0.9614585413694988,1.0049984953455122
isolet,50,4077,hamming_quantile,1420,0.7888888888888889,0.9614585413694988,0.942884659727178
isolet,50,4077,real_quantile,1420,0.7888888888888889,0.9614585413694988,0.9931524368332096
isolet,50,4077,random_quantile,1420,0.7888888888888889,0.9614585413694988,1.003346646393945
isolet,50,4077,ordered_quantile,1420,0.7888888888888889,0.9614585413694988,0.2905905744578095
isolet,51,1926,old_annuli,1797,0.9983333333333332,0.9999638973155404,1.005851549508597
isolet,51,1926,hamming_quantile,1797,0.9983333333333332,0.9999638973155404,0.8469548384226127
isolet,51,1926,real_quantile,1797,0.9983333333333332,0.9999638973155404,0.9412848347959936
isolet,51,1926,random_quantile,1797,0.9983333333333332,0.9999638973155404,1.001421957504814
isolet,51,1926,ordered_quantile,1797,0.9983333333333332,0.9999638973155404,0.5252908104244794
isolet,52,580,old_annuli,1755,0.975,0.9985142297124796,1.0137480648756891
isolet,52,580,hamming_quantile,1755,0.975,0.9985142297124796,0.9319760918251192
isolet,52,580,real_quantile,1755,0.975,0.9985142297124796,0.9650745450800234
isolet,52,580,random_quantile,1755,0.975,0.9985142297124796,0.9917352257986545
isolet,52,580,ordered_quantile,1755,0.975,0.9985142297124796,0.5571433265610012
isolet,53,162,old_annuli,1297,0.7205555555555555,0.9425915466759192,1.0048848909722965
isolet,53,162,hamming_quantile,1297,0.7205555555555555,0.9425915466759192,0.960519740254582
isolet,53,162,real_quantile,1297,0.7205555555555555,0.9425915466759192,0.9892664584861413
isolet,53,162,random_quantile,1297,0.7205555555555555,0.9425915466759192,1.002137877200192
isolet,53,162,ordered_quantile,1297,0.7205555555555555,0.9425915466759192,0.4360253794202685
isolet,54,3203,old_annuli,1248,0.6933333333333334,0.995813362361436,0.763670242712417
isolet,54,3203,hamming_quantile,1248,0.6933333333333334,0.995813362361436,0.7397872288669753
isolet,54,3203,real_quantile,1248,0.6933333333333334,0.995813362361436,0.9778600150368514
isolet,54,3203,random_quantile,1248,0.6933333333333334,0.995813362361436,1.0006728612706681
isolet,54,3203,ordered_quantile,1248,0.6933333333333334,0.995813362361436,0.5073316397353942
isolet,55,4258,old_annuli,1293,0.7183333333333334,0.936981440010146,1.0
isolet,55,4258,hamming_quantile,1293,0.7183333333333334,0.936981440010146,0.9623264707233512
isolet,55,4258,real_quantile,1293,0.7183333333333334,0.936981440010146,0.9615631321459204
isolet,55,4258,random_quantile,1293,0.7183333333333334,0.936981440010146,1.0003489524803977
isolet,55,4258,ordered_quantile,1293,0.7183333333333334,0.936981440010146,0.7359509913116704
isolet,56,2985,old_annuli,1339,0.7438888888888889,0.922526534854916,0.998107624184864
isolet,56,2985,hamming_quantile,1339,0.7438888888888889,0.922526534854916,0.9362056861457224
isolet,56,2985,real_quantile,1339,0.7438888888888889,0.922526534854916,0.9958667276985638
isolet,56,2985,random_quantile,1339,0.7438888888888889,0.922526534854916,1.0003873181704672
isolet,56,2985,ordered_quantile,1339,0.7438888888888889,0.922526534854916,0.4222181854748411
isolet,57,215,old_annuli,1480,0.8222222222222222,0.9761975755494188,1.0051905573068198
isolet,57,215,hamming_quantile,1480,0.8222222222222222,0.9761975755494188,0.9803377017290986
isolet,57,215,real_quantile,1480,0.8222222222222222,0.9761975755494188,0.9942208837100104
isolet,57,215,random_quantile,1480,0.8222222222222222,0.9761975755494188,1.000676136838325
isolet,57,215,ordered_quantile,1480,0.8222222222222222,0.9761975755494188,0.3400484438710396
isolet,58,5157,old_annuli,1260,0.7,0.9750004611256692,1.0041702939016937
isolet,58,5157,hamming_quantile,1260,0.7,0.9750004611256692,0.8973687907319018
isolet,58,5157,real_quantile,1260,0.7,0.9750004611256692,1.0434225765298857
isolet,58,5157,random_quantile,1260,0.7,0.9750004611256692,1.0160242618300175
isolet,58,5157,ordered_quantile,1260,0.7,0.9750004611256692,0.602978488300061
isolet,59,120,old_annuli,1760,0.9777777777777776,0.999923527116464,1.005951486938376
isolet,59,120,hamming_quantile,1760,0.9777777777777776,0.999923527116464,0.98130454646865
isolet,59,120,real_quantile,1760,0.9777777777777776,0.999923527116464,0.999331845550366
isolet,59,120,random_quantile,1760,0.9777777777777776,0.999923527116464,1.00115921922884
isolet,59,120,ordered_quantile,1760,0.9777777777777776,0.999923527116464,0.838595402014638
isolet,60,3629,old_annuli,1306,0.7255555555555555,0.9104715143040928,1.004503210259359
isolet,60,3629,hamming_quantile,1306,0.7255555555555555,0.9104715143040928,0.9806253713593835
isolet,60,3629,real_quantile,1306,0.7255555555555555,0.9104715143040928,1.000215166320011
isolet,60,3629,random_quantile,1306,0.7255555555555555,0.9104715143040928,0.999804654053686
isolet,60,3629,ordered_quantile,1306,0.7255555555555555,0.9104715143040928,0.2197238826451284
isolet,61,5949,old_annuli,1248,0.6933333333333334,0.9925307297196544,0.9990985281363354
isolet,61,5949,hamming_quantile,1248,0.6933333333333334,0.9925307297196544,0.9008589414570184
isolet,61,5949,real_quantile,1248,0.6933333333333334,0.9925307297196544,0.985817302942582
isolet,61,5949,random_quantile,1248,0.6933333333333334,0.9925307297196544,0.9982339369428347
isolet,61,5949,ordered_quantile,1248,0.6933333333333334,0.9925307297196544,0.7190100241541919
isolet,62,4503,old_annuli,1248,0.6933333333333334,0.9965557127434708,0.998254767934028
isolet,62,4503,hamming_quantile,1248,0.6933333333333334,0.9965557127434708,0.8628651067332316
isolet,62,4503,real_quantile,1248,0.6933333333333334,0.9965557127434708,0.9836086014022996
isolet,62,4503,random_quantile,1248,0.6933333333333334,0.9965557127434708,0.9992474023502638
isolet,62,4503,ordered_quantile,1248,0.6933333333333334,0.9965557127434708,0.5716818635518865
isolet,63,119,old_annuli,1396,0.7755555555555556,0.8823071570372053,1.0049632261865955
isolet,63,119,hamming_quantile,1396,0.7755555555555556,0.8823071570372053,1.0104717629214752
isolet,63,119,real_quantile,1396,0.7755555555555556,0.8823071570372053,1.014276603782902
isolet,63,119,random_quantile,1396,0.7755555555555556,0.8823071570372053,1.004812837663081
isolet,63,119,ordered_quantile,1396,0.7755555555555556,0.8823071570372053,0.3173738859678248
isolet,64,2455,old_annuli,1248,0.6933333333333334,0.9986441400136,0.9988770946223045
isolet,64,2455,hamming_quantile,1248,0.6933333333333334,0.9986441400136,0.8338577409118862
isolet,64,2455,real_quantile,1248,0.6933333333333334,0.9986441400136,0.9965610019968284
isolet,64,2455,random_quantile,1248,0.6933333333333334,0.9986441400136,1.0016529383955972
isolet,64,2455,ordered_quantile,1248,0.6933333333333334,0.9986441400136,0.6046118179181159
isolet,65,2059,old_annuli,1474,0.8188888888888889,0.9174048347508884,0.9897058638133828
isolet,65,2059,hamming_quantile,1474,0.8188888888888889,0.9174048347508884,0.9345806388027088
isolet,65,2059,real_quantile,1474,0.8188888888888889,0.9174048347508884,0.9783089717200364
isolet,65,2059,random_quantile,1474,0.8188888888888889,0.9174048347508884,1.000508077415485
isolet,65,2059,ordered_quantile,1474,0.8188888888888889,0.9174048347508884,0.4245078373003985
isolet,66,5745,old_annuli,1798,0.9988888888888888,0.9999725186391382,1.013680432116289
isolet,66,5745,hamming_quantile,1798,0.9988888888888888,0.9999725186391382,0.9800373779177732
isolet,66,5745,real_quantile,1798,0.9988888888888888,0.9999725186391382,0.9723792308181636
isolet,66,5745,random_quantile,1798,0.9988888888888888,0.9999725186391382,1.003882963399248
isolet,66,5745,ordered_quantile,1798,0.9988888888888888,0.9999725186391382,0.479891556622234
isolet,67,1566,old_annuli,1791,0.995,0.988524318985618,1.0055315457868088
isolet,67,1566,hamming_quantile,1791,0.995,0.988524318985618,0.9518879093093264
isolet,67,1566,real_quantile,1791,0.995,0.988524318985618,0.9562167556771884
isolet,67,1566,random_quantile,1791,0.995,0.988524318985618,1.0018546197156053
isolet,67,1566,ordered_quantile,1791,0.995,0.988524318985618,0.2476120916972498
isolet,68,4478,old_annuli,1349,0.7494444444444445,0.955463314520964,1.005060828939571
isolet,68,4478,hamming_quantile,1349,0.7494444444444445,0.955463314520964,0.950864555259874
isolet,68,4478,real_quantile,1349,0.7494444444444445,0.955463314520964,0.9654552946547574
isolet,68,4478,random_quantile,1349,0.7494444444444445,0.955463314520964,1.0001581035400142
isolet,68,4478,ordered_quantile,1349,0.7494444444444445,0.955463314520964,0.4700136260578207
isolet,69,5689,old_annuli,1375,0.7638888888888888,0.8713868859700975,1.0054270158348422
isolet,69,5689,hamming_quantile,1375,0.7638888888888888,0.8713868859700975,0.9983788388046604
isolet,69,5689,real_quantile,1375,0.7638888888888888,0.8713868859700975,0.9990806562873324
isolet,69,5689,random_quantile,1375,0.7638888888888888,0.8713868859700975,0.9984132656360736
isolet,69,5689,ordered_quantile,1375,0.7638888888888888,0.8713868859700975,0.9001672846220925
isolet,70,3913,old_annuli,1469,0.8161111111111111,0.9304516117935298,1.0055534850876389
isolet,70,3913,hamming_quantile,1469,0.8161111111111111,0.9304516117935298,0.9461374869639544
isolet,70,3913,real_quantile,1469,0.8161111111111111,0.9304516117935298,0.9448155261489546
isolet,70,3913,random_quantile,1469,0.8161111111111111,0.9304516117935298,0.991469676172915
isolet,70,3913,ordered_quantile,1469,0.8161111111111111,0.9304516117935298,0.8592071836823969
isolet,71,3726,old_annuli,1340,0.7444444444444445,0.9921294569829778,0.9949778940342988
isolet,71,3726,hamming_quantile,1340,0.7444444444444445,0.9921294569829778,0.9146091919708648
isolet,71,3726,real_quantile,1340,0.7444444444444445,0.9921294569829778,0.9884118683727418
isolet,71,3726,random_quantile,1340,0.7444444444444445,0.9921294569829778,1.0111037244054346
isolet,71,3726,ordered_quantile,1340,0.7444444444444445,0.9921294569829778,0.6692309549580439
isolet,72,4238,old_annuli,1324,0.7355555555555555,0.9686913871431434,0.9952199435886552
isolet,72,4238,hamming_quantile,1324,0.7355555555555555,0.9686913871431434,0.929712092680276
isolet,72,4238,real_quantile,1324,0.7355555555555555,0.9686913871431434,1.0184559814660952
isolet,72,4238,random_quantile,1324,0.7355555555555555,0.9686913871431434,1.0083597064899668
isolet,72,4238,ordered_quantile,1324,0.7355555555555555,0.9686913871431434,0.6240596454061511
isolet,73,2849,old_annuli,1360,0.7555555555555555,0.9431467308948231,1.005313606551337
isolet,73,2849,hamming_quantile,1360,0.7555555555555555,0.9431467308948231,0.9807244987658096
isolet,73,2849,real_quantile,1360,0.7555555555555555,0.9431467308948231,0.9871326011150277
isolet,73,2849,random_quantile,1360,0.7555555555555555,0.9431467308948231,1.0001850051583294
isolet,73,2849,ordered_quantile,1360,0.7555555555555555,0.9431467308948231,0.8100157800742221
isolet,74,4009,old_annuli,1266,0.7033333333333334,0.9928169247538992,1.001713751791924
isolet,74,4009,hamming_quantile,1266,0.7033333333333334,0.9928169247538992,0.8603731647937216
isolet,74,4009,real_quantile,1266,0.7033333333333334,0.9928169247538992,1.039556384888804
isolet,74,4009,random_quantile,1266,0.7033333333333334,0.9928169247538992,1.0123923596042315
isolet,74,4009,ordered_quantile,1266,0.7033333333333334,0.9928169247538992,0.7191844124409608
isolet,75,58,old_annuli,1275,0.7083333333333334,0.962932327288294,1.0050079093976938
isolet,75,58,hamming_quantile,1275,0.7083333333333334,0.962932327288294,0.963551561726014
isolet,75,58,real_quantile,1275,0.7083333333333334,0.962932327288294,0.9935406716896628
isolet,75,58,random_quantile,1275,0.7083333333333334,0.962932327288294,0.9986130201954054
isolet,75,58,ordered_quantile,1275,0.7083333333333334,0.962932327288294,0.5649617522519578
isolet,76,1571,old_annuli,1248,0.6933333333333334,0.9856013001132068,0.9981214443029076
isolet,76,1571,hamming_quantile,1248,0.6933333333333334,0.9856013001132068,0.8475309046201821
isolet,76,1571,real_quantile,1248,0.6933333333333334,0.9856013001132068,0.957967783066041
isolet,76,1571,random_quantile,1248,0.6933333333333334,0.9856013001132068,0.9974686685923043
isolet,76,1571,ordered_quantile,1248,0.6933333333333334,0.9856013001132068,0.4820007070248486
isolet,77,767,old_annuli,1763,0.9794444444444445,0.9999628602878976,1.013897735960638
isolet,77,767,hamming_quantile,1763,0.9794444444444445,0.9999628602878976,0.9331134300423656
isolet,77,767,real_quantile,1763,0.9794444444444445,0.9999628602878976,0.9520880433800828
isolet,77,767,random_quantile,1763,0.9794444444444445,0.9999628602878976,1.0056527206332193
isolet,77,767,ordered_quantile,1763,0.9794444444444445,0.9999628602878976,0.7260794772696835
isolet,78,3756,old_annuli,1798,0.9988888888888888,0.9999957965606748,1.014046703948052
isolet,78,3756,hamming_quantile,1798,0.9988888888888888,0.9999957965606748,0.9370991556152198
isolet,78,3756,real_quantile,1798,0.9988888888888888,0.9999957965606748,0.9378343686894568
isolet,78,3756,random_quantile,1798,0.9988888888888888,0.9999957965606748,1.0151357136959411
isolet,78,3756,ordered_quantile,1798,0.9988888888888888,0.9999957965606748,0.9353488348344569
isolet,79,322,old_annuli,1261,0.7005555555555556,0.9933246187309768,1.0016226478969756
isolet,79,322,hamming_quantile,1261,0.7005555555555556,0.9933246187309768,0.738281729939195
isolet,79,322,real_quantile,1261,0.7005555555555556,0.9933246187309768,0.972270969949824
isolet,79,322,random_quantile,1261,0.7005555555555556,0.9933246187309768,0.998404535853102
isolet,79,322,ordered_quantile,1261,0.7005555555555556,0.9933246187309768,0.5165283934470452
cifar10,0,6824,old_annuli,1796,0.9977777777777778,0.9999999999890724,0.9778864113415386
cifar10,0,6824,hamming_quantile,1796,0.9977777777777778,0.9999999999890724,0.8433433535551514
cifar10,0,6824,real_quantile,1796,0.9977777777777778,0.9999999999890724,0.8439476331016065
cifar10,0,6824,random_quantile,1796,0.9977777777777778,0.9999999999890724,1.0069207828686915
cifar10,0,6824,ordered_quantile,1796,0.9977777777777778,0.9999999999890724,0.2775853779464184
cifar10,1,5523,old_annuli,1798,0.9988888888888888,0.9999999983844466,0.9632650412835192
cifar10,1,5523,hamming_quantile,1798,0.9988888888888888,0.9999999983844466,0.9336736240411928
cifar10,1,5523,real_quantile,1798,0.9988888888888888,0.9999999983844466,0.9338431052042936
cifar10,1,5523,random_quantile,1798,0.9988888888888888,0.9999999983844466,0.9994157039942779
cifar10,1,5523,ordered_quantile,1798,0.9988888888888888,0.9999999983844466,0.5188911874091744
cifar10,2,1582,old_annuli,1787,0.9927777777777778,0.999999999999972,0.9779018362690984
cifar10,2,1582,hamming_quantile,1787,0.9927777777777778,0.999999999999972,0.8079107223784999
cifar10,2,1582,real_quantile,1787,0.9927777777777778,0.999999999999972,0.8079155591282798
cifar10,2,1582,random_quantile,1787,0.9927777777777778,0.999999999999972,1.008611067619558
cifar10,2,1582,ordered_quantile,1787,0.9927777777777778,0.999999999999972,0.4799887684655479
cifar10,3,1604,old_annuli,1786,0.9922222222222222,0.9999999983221818,0.9346478436323328
cifar10,3,1604,hamming_quantile,1786,0.9922222222222222,0.9999999983221818,0.904830224297466
cifar10,3,1604,real_quantile,1786,0.9922222222222222,0.9999999983221818,0.9056090734149136
cifar10,3,1604,random_quantile,1786,0.9922222222222222,0.9999999983221818,1.0080126175416368
cifar10,3,1604,ordered_quantile,1786,0.9922222222222222,0.9999999983221818,0.4881016986102525
cifar10,4,3330,old_annuli,1786,0.9922222222222222,0.9999999999144074,0.8881394244361068
cifar10,4,3330,hamming_quantile,1786,0.9922222222222222,0.9999999999144074,0.9167092499545154
cifar10,4,3330,real_quantile,1786,0.9922222222222222,0.9999999999144074,0.9179338161198768
cifar10,4,3330,random_quantile,1786,0.9922222222222222,0.9999999999144074,1.0002293325954048
cifar10,4,3330,ordered_quantile,1786,0.9922222222222222,0.9999999999144074,0.4674158781664783
cifar10,5,8754,old_annuli,1786,0.9922222222222222,0.9999999996823424,0.9001555986233788
cifar10,5,8754,hamming_quantile,1786,0.9922222222222222,0.9999999996823424,0.8810621370343557
cifar10,5,8754,real_quantile,1786,0.9922222222222222,0.9999999996823424,0.8811465128184356
cifar10,5,8754,random_quantile,1786,0.9922222222222222,0.9999999996823424,1.0066839906981029
cifar10,5,8754,ordered_quantile,1786,0.9922222222222222,0.9999999996823424,0.4756638382041571
cifar10,6,5014,old_annuli,1750,0.9722222222222222,0.9999998969359272,0.9341925481771732
cifar10,6,5014,hamming_quantile,1750,0.9722222222222222,0.9999998969359272,0.9401357636787618
cifar10,6,5014,real_quantile,1750,0.9722222222222222,0.9999998969359272,0.9401650922726108
cifar10,6,5014,random_quantile,1750,0.9722222222222222,0.9999998969359272,1.007186819433814
cifar10,6,5014,ordered_quantile,1750,0.9722222222222222,0.9999998969359272,0.6508053653463176
cifar10,7,4080,old_annuli,1787,0.9927777777777778,0.9999999999999092,0.9927882861168338
cifar10,7,4080,hamming_quantile,1787,0.9927777777777778,0.9999999999999092,0.8943015021360079
cifar10,7,4080,real_quantile,1787,0.9927777777777778,0.9999999999999092,0.8943582410854732
cifar10,7,4080,random_quantile,1787,0.9927777777777778,0.9999999999999092,1.0046995132843128
cifar10,7,4080,ordered_quantile,1787,0.9927777777777778,0.9999999999999092,0.7263095639015272
cifar10,8,7142,old_annuli,1796,0.9977777777777778,0.9999999999884024,0.9750535084648484
cifar10,8,7142,hamming_quantile,1796,0.9977777777777778,0.9999999999884024,0.8499353519208251
cifar10,8,7142,real_quantile,1796,0.9977777777777778,0.9999999999884024,0.8503695344367751
cifar10,8,7142,random_quantile,1796,0.9977777777777778,0.9999999999884024,1.0012256711051253
cifar10,8,7142,ordered_quantile,1796,0.9977777777777778,0.9999999999884024,0.3457931055343034
cifar10,9,7990,old_annuli,1800,1.0,1.0,0.98715344236661
cifar10,9,7990,hamming_quantile,1800,1.0,1.0,0.9538197416429472
cifar10,9,7990,real_quantile,1800,1.0,1.0,0.953874013833116
cifar10,9,7990,random_quantile,1800,1.0,1.0,0.9996362674121088
cifar10,9,7990,ordered_quantile,1800,1.0,1.0,0.6064259048631978
cifar10,10,1473,old_annuli,1786,0.9922222222222222,0.9999999943099954,0.9583857781345192
cifar10,10,1473,hamming_quantile,1786,0.9922222222222222,0.9999999943099954,0.9186840046227476
cifar10,10,1473,real_quantile,1786,0.9922222222222222,0.9999999943099954,0.9198781305448328
cifar10,10,1473,random_quantile,1786,0.9922222222222222,0.9999999943099954,1.0067451020056857
cifar10,10,1473,ordered_quantile,1786,0.9922222222222222,0.9999999943099954,0.5189010009871863
cifar10,11,1819,old_annuli,1786,0.9922222222222222,0.9999999998262564,0.93506133559538
cifar10,11,1819,hamming_quantile,1786,0.9922222222222222,0.9999999998262564,0.8958439077396302
cifar10,11,1819,real_quantile,1786,0.9922222222222222,0.9999999998262564,0.893664564520084
cifar10,11,1819,random_quantile,1786,0.9922222222222222,0.9999999998262564,0.9942288359902012
cifar10,11,1819,ordered_quantile,1786,0.9922222222222222,0.9999999998262564,0.5463256629147232
cifar10,12,4228,old_annuli,1798,0.9988888888888888,0.9999999999557962,0.9416573759893198
cifar10,12,4228,hamming_quantile,1798,0.9988888888888888,0.9999999999557962,0.9290353844865684
cifar10,12,4228,real_quantile,1798,0.9988888888888888,0.9999999999557962,0.9286212385748788
cifar10,12,4228,random_quantile,1798,0.9988888888888888,0.9999999999557962,1.0035884618408164
cifar10,12,4228,ordered_quantile,1798,0.9988888888888888,0.9999999999557962,0.3897480918405082
cifar10,13,7904,old_annuli,1798,0.9988888888888888,0.9999999997164658,0.9380876262796272
cifar10,13,7904,hamming_quantile,1798,0.9988888888888888,0.9999999997164658,0.9326485108192204
cifar10,13,7904,real_quantile,1798,0.9988888888888888,0.9999999997164658,0.9322443604479588
cifar10,13,7904,random_quantile,1798,0.9988888888888888,0.9999999997164658,1.0007365312450072
cifar10,13,7904,ordered_quantile,1798,0.9988888888888888,0.9999999997164658,0.3684847429163024
cifar10,14,9225,old_annuli,1787,0.9927777777777778,0.9999999999999736,0.8551192077399647
cifar10,14,9225,hamming_quantile,1787,0.9927777777777778,0.9999999999999736,0.7438028110487696
cifar10,14,9225,real_quantile,1787,0.9927777777777778,0.9999999999999736,0.7490915762189612
cifar10,14,9225,random_quantile,1787,0.9927777777777778,0.9999999999999736,1.0034294785817437
cifar10,14,9225,ordered_quantile,1787,0.9927777777777778,0.9999999999999736,0.3536960636270097
cifar10,15,7652,old_annuli,1798,0.9988888888888888,0.999999999838655,0.9559435545114158
cifar10,15,7652,hamming_quantile,1798,0.9988888888888888,0.999999999838655,0.926732825124582
cifar10,15,7652,real_quantile,1798,0.9988888888888888,0.999999999838655,0.9270097611166552
cifar10,15,7652,random_quantile,1798,0.9988888888888888,0.999999999838655,1.002836033623057
cifar10,15,7652,ordered_quantile,1798,0.9988888888888888,0.999999999838655,0.3938531060135043
cifar10,16,3921,old_annuli,947,0.5261111111111111,0.9999944871411496,0.7878735936886962
cifar10,16,3921,hamming_quantile,947,0.5261111111111111,0.9999944871411496,0.8471908124523317
cifar10,16,3921,real_quantile,947,0.5261111111111111,0.9999944871411496,0.8663084771406219
cifar10,16,3921,random_quantile,947,0.5261111111111111,0.9999944871411496,1.0001935830276187
cifar10,16,3921,ordered_quantile,947,0.5261111111111111,0.9999944871411496,0.7741877518351532
cifar10,17,2534,old_annuli,1798,0.9988888888888888,0.9999999999476292,0.9579564729004886
cifar10,17,2534,hamming_quantile,1798,0.9988888888888888,0.9999999999476292,0.939260133605928
cifar10,17,2534,real_quantile,1798,0.9988888888888888,0.9999999999476292,0.9402721907238356
cifar10,17,2534,random_quantile,1798,0.9988888888888888,0.9999999999476292,0.9956881364942032
cifar10,17,2534,ordered_quantile,1798,0.9988888888888888,0.9999999999476292,0.4248070445137377
cifar10,18,4514,old_annuli,1787,0.9927777777777778,0.9999999999992858,0.9688785021361316
cifar10,18,4514,hamming_quantile,1787,0.9927777777777778,0.9999999999992858,0.9133574287989354
cifar10,18,4514,real_quantile,1787,0.9927777777777778,0.9999999999992858,0.9169284384181324
cifar10,18,4514,random_quantile,1787,0.9927777777777778,0.9999999999992858,1.001585882795095
cifar10,18,4514,ordered_quantile,1787,0.9927777777777778,0.9999999999992858,0.6086332492356576
cifar10,19,992,old_annuli,1787,0.9927777777777778,0.9999999999999776,0.8406368630881307
cifar10,19,992,hamming_quantile,1787,0.9927777777777778,0.9999999999999776,0.6992894564341227
cifar10,19,992,real_quantile,1787,0.9927777777777778,0.9999999999999776,0.7047254785171051
cifar10,19,992,random_quantile,1787,0.9927777777777778,0.9999999999999776,1.0078400789715087
cifar10,19,992,ordered_quantile,1787,0.9927777777777778,0.9999999999999776,0.3531383777677664
cifar10,20,3674,old_annuli,1786,0.9922222222222222,0.9999999999238868,0.9915807062718084
cifar10,20,3674,hamming_quantile,1786,0.9922222222222222,0.9999999999238868,0.9466294164659232
cifar10,20,3674,real_quantile,1786,0.9922222222222222,0.9999999999238868,0.946648630113756
cifar10,20,3674,random_quantile,1786,0.9922222222222222,0.9999999999238868,1.001857109050247
cifar10,20,3674,ordered_quantile,1786,0.9922222222222222,0.9999999999238868,0.8547068543698795
cifar10,21,247,old_annuli,1796,0.9977777777777778,0.9999999999999968,0.989918237594485
cifar10,21,247,hamming_quantile,1796,0.9977777777777778,0.9999999999999968,0.9010467639273768
cifar10,21,247,real_quantile,1796,0.9977777777777778,0.9999999999999968,0.9008825622477286
cifar10,21,247,random_quantile,1796,0.9977777777777778,0.9999999999999968,1.0111806635505523
cifar10,21,247,ordered_quantile,1796,0.9977777777777778,0.9999999999999968,0.6989819825279943
cifar10,22,1755,old_annuli,1796,0.9977777777777778,0.9999999999999716,0.9481591130004936
cifar10,22,1755,hamming_quantile,1796,0.9977777777777778,0.9999999999999716,0.8798798604492413
cifar10,22,1755,real_quantile,1796,0.9977777777777778,0.9999999999999716,0.8802771782657945
cifar10,22,1755,random_quantile,1796,0.9977777777777778,0.9999999999999716,1.0081901749317201
cifar10,22,1755,ordered_quantile,1796,0.9977777777777778,0.9999999999999716,0.4809342032915886
cifar10,23,441,old_annuli,1627,0.9038888888888889,0.9999995705120528,0.8273028091474192
cifar10,23,441,hamming_quantile,1627,0.9038888888888889,0.9999995705120528,0.8201176278377542
cifar10,23,441,real_quantile,1627,0.9038888888888889,0.9999995705120528,0.8216214105163937
cifar10,23,441,random_quantile,1627,0.9038888888888889,0.9999995705120528,1.0096691019131039
cifar10,23,441,ordered_quantile,1627,0.9038888888888889,0.9999995705120528,0.5374606090893354
cifar10,24,1969,old_annuli,1787,0.9927777777777778,0.9999999999984944,0.9660519118430942
cifar10,24,1969,hamming_quantile,1787,0.9927777777777778,0.9999999999984944,0.8242321686046845
cifar10,24,1969,real_quantile,1787,0.9927777777777778,0.9999999999984944,0.8247788352027231
cifar10,24,1969,random_quantile,1787,0.9927777777777778,0.9999999999984944,1.0111598560565842
cifar10,24,1969,ordered_quantile,1787,0.9927777777777778,0.9999999999984944,0.3928033004643368
cifar10,25,2546,old_annuli,1786,0.9922222222222222,0.9999999997308596,0.9068179506575116
cifar10,25,2546,hamming_quantile,1786,0.9922222222222222,0.9999999997308596,0.8915166907911952
cifar10,25,2546,real_quantile,1786,0.9922222222222222,0.9999999997308596,0.8926332434807863
cifar10,25,2546,random_quantile,1786,0.9922222222222222,0.9999999997308596,1.0015894668192336
cifar10,25,2546,ordered_quantile,1786,0.9922222222222222,0.9999999997308596,0.4375232108944399
cifar10,26,4382,old_annuli,1798,0.9988888888888888,0.9999999939627332,0.989078818633811
cifar10,26,4382,hamming_quantile,1798,0.9988888888888888,0.9999999939627332,0.8973179385964034
cifar10,26,4382,real_quantile,1798,0.9988888888888888,0.9999999939627332,0.897324636375568
cifar10,26,4382,random_quantile,1798,0.9988888888888888,0.9999999939627332,0.9983529120477763
cifar10,26,4382,ordered_quantile,1798,0.9988888888888888,0.9999999939627332,0.4109261398274533
cifar10,27,8140,old_annuli,1798,0.9988888888888888,0.999999987324013,1.0019002111629975
cifar10,27,8140,hamming_quantile,1798,0.9988888888888888,0.999999987324013,0.8925854736871841
cifar10,27,8140,real_quantile,1798,0.9988888888888888,0.999999987324013,0.8930461590583015
cifar10,27,8140,random_quantile,1798,0.9988888888888888,0.999999987324013,1.0001833484994127
cifar10,27,8140,ordered_quantile,1798,0.9988888888888888,0.999999987324013,0.4603941381850128
cifar10,28,3149,old_annuli,1796,0.9977777777777778,0.9999999999994418,0.986297571934199
cifar10,28,3149,hamming_quantile,1796,0.9977777777777778,0.9999999999994418,0.9336855186324088
cifar10,28,3149,real_quantile,1796,0.9977777777777778,0.9999999999994418,0.9339225424719102
cifar10,28,3149,random_quantile,1796,0.9977777777777778,0.9999999999994418,1.0099403882847267
cifar10,28,3149,ordered_quantile,1796,0.9977777777777778,0.9999999999994418,0.6140392353692926
cifar10,29,794,old_annuli,1798,0.9988888888888888,0.9999999999228056,0.9734887339105662
cifar10,29,794,hamming_quantile,1798,0.9988888888888888,0.9999999999228056,0.9193842230276222
cifar10,29,794,real_quantile,1798,0.9988888888888888,0.9999999999228056,0.9193707517888956
cifar10,29,794,random_quantile,1798,0.9988888888888888,0.9999999999228056,1.0072662301003485
cifar10,29,794,ordered_quantile,1798,0.9988888888888888,0.9999999999228056,0.5443404875211594
cifar10,30,2169,old_annuli,1750,0.9722222222222222,0.9999999735149276,0.8869288494103498
cifar10,30,2169,hamming_quantile,1750,0.9722222222222222,0.9999999735149276,0.8577150718939935
cifar10,30,2169,real_quantile,1750,0.9722222222222222,0.9999999735149276,0.857879505516582
cifar10,30,2169,random_quantile,1750,0.9722222222222222,0.9999999735149276,1.0016263834570425
cifar10,30,2169,ordered_quantile,1750,0.9722222222222222,0.9999999735149276,0.5562909475170168
cifar10,31,6856,old_annuli,1796,0.9977777777777778,0.9999999999979832,0.975344227701945
cifar10,31,6856,hamming_quantile,1796,0.9977777777777778,0.9999999999979832,0.8422254007666151
cifar10,31,6856,real_quantile,1796,0.9977777777777778,0.9999999999979832,0.8415714937380127
cifar10,31,6856,random_quantile,1796,0.9977777777777778,0.9999999999979832,1.0086429495413913
cifar10,31,6856,ordered_quantile,1796,0.9977777777777778,0.9999999999979832,0.3592995785493247
cifar10,32,3394,old_annuli,1798,0.9988888888888888,0.999999989311114,0.9985537751666594
cifar10,32,3394,hamming_quantile,1798,0.9988888888888888,0.999999989311114,0.9225986085228536
cifar10,32,3394,real_quantile,1798,0.9988888888888888,0.999999989311114,0.9214386011398916
cifar10,32,3394,random_quantile,1798,0.9988888888888888,0.999999989311114,0.9940766830870074
cifar10,32,3394,ordered_quantile,1798,0.9988888888888888,0.999999989311114,0.5608986954784445
cifar10,33,2023,old_annuli,1796,0.9977777777777778,0.9999999999998358,0.9774733230209216
cifar10,33,2023,hamming_quantile,1796,0.9977777777777778,0.9999999999998358,0.8927519205818364
cifar10,33,2023,real_quantile,1796,0.9977777777777778,0.9999999999998358,0.8937016556820533
cifar10,33,2023,random_quantile,1796,0.9977777777777778,0.9999999999998358,1.002235859669343
cifar10,33,2023,ordered_quantile,1796,0.9977777777777778,0.9999999999998358,0.4273794841288392
cifar10,34,1127,old_annuli,1753,0.9738888888888888,0.9999999999983364,0.79898765274311
cifar10,34,1127,hamming_quantile,1753,0.9738888888888888,0.9999999999983364,0.7249751405389411
cifar10,34,1127,real_quantile,1753,0.9738888888888888,0.9999999999983364,0.7213527269026252
cifar10,34,1127,random_quantile,1753,0.9738888888888888,0.9999999999983364,0.9990686947498253
cifar10,34,1127,ordered_quantile,1753,0.9738888888888888,0.9999999999983364,0.5115717923032397
cifar10,35,9556,old_annuli,1750,0.9722222222222222,0.9999999377072916,0.9352562633406823
cifar10,35,9556,hamming_quantile,1750,0.9722222222222222,0.9999999377072916,0.9253972079068756
cifar10,35,9556,real_quantile,1750,0.9722222222222222,0.9999999377072916,0.9270622025684684
cifar10,35,9556,random_quantile,1750,0.9722222222222222,0.9999999377072916,0.9941478752965324
cifar10,35,9556,ordered_quantile,1750,0.9722222222222222,0.9999999377072916,0.6826134745607775
cifar10,36,4058,old_annuli,1786,0.9922222222222222,0.9999999710695784,0.9817015183921745
cifar10,36,4058,hamming_quantile,1786,0.9922222222222222,0.9999999710695784,0.932956806831529
cifar10,36,4058,real_quantile,1786,0.9922222222222222,0.9999999710695784,0.9327489022822308
cifar10,36,4058,random_quantile,1786,0.9922222222222222,0.9999999710695784,0.9972739169618189
cifar10,36,4058,ordered_quantile,1786,0.9922222222222222,0.9999999710695784,0.68546050649212
cifar10,37,6612,old_annuli,1798,0.9988888888888888,0.9999999995953816,0.9710331338178928
cifar10,37,6612,hamming_quantile,1798,0.9988888888888888,0.9999999995953816,0.8978157721734273
cifar10,37,6612,real_quantile,1798,0.9988888888888888,0.9999999995953816,0.8975878500520393
cifar10,37,6612,random_quantile,1798,0.9988888888888888,0.9999999995953816,1.0087746197942913
cifar10,37,6612,ordered_quantile,1798,0.9988888888888888,0.9999999995953816,0.3740408934830266
cifar10,38,5612,old_annuli,1796,0.9977777777777778,0.9999999999987152,0.964852848362053
cifar10,38,5612,hamming_quantile,1796,0.9977777777777778,0.9999999999987152,0.8183968543106549
cifar10,38,5612,real_quantile,1796,0.9977777777777778,0.9999999999987152,0.8179556273398925
cifar10,38,5612,random_quantile,1796,0.9977777777777778,0.9999999999987152,0.9993615007723815
cifar10,38,5612,ordered_quantile,1796,0.9977777777777778,0.9999999999987152,0.2907173043658299
cifar10,39,6543,old_annuli,1796,0.9977777777777778,0.9999999999998984,0.9919133340555208
cifar10,39,6543,hamming_quantile,1796,0.9977777777777778,0.9999999999998984,0.909775542324096
cifar10,39,6543,real_quantile,1796,0.9977777777777778,0.9999999999998984,0.9101103260784636
cifar10,39,6543,random_quantile,1796,0.9977777777777778,0.9999999999998984,1.002099081980846
cifar10,39,6543,ordered_quantile,1796,0.9977777777777778,0.9999999999998984,0.641377571024056
cifar10,40,896,old_annuli,1796,0.9977777777777778,0.9999999999760928,0.9797437986149442
cifar10,40,896,hamming_quantile,1796,0.9977777777777778,0.9999999999760928,0.8459335999410883
cifar10,40,896,real_quantile,1796,0.9977777777777778,0.9999999999760928,0.8458010379673565
cifar10,40,896,random_quantile,1796,0.9977777777777778,0.9999999999760928,1.0011179768603555
cifar10,40,896,ordered_quantile,1796,0.9977777777777778,0.9999999999760928,0.3346282012407786
cifar10,41,4491,old_annuli,1796,0.9977777777777778,0.9999999999998246,0.92273736891727
cifar10,41,4491,hamming_quantile,1796,0.9977777777777778,0.9999999999998246,0.8030681627786697
cifar10,41,4491,real_quantile,1796,0.9977777777777778,0.9999999999998246,0.8041086763014075
cifar10,41,4491,random_quantile,1796,0.9977777777777778,0.9999999999998246,0.9993388318374373
cifar10,41,4491,ordered_quantile,1796,0.9977777777777778,0.9999999999998246,0.3179060278747165
cifar10,42,4741,old_annuli,1259,0.6994444444444444,0.9999999916880152,0.649766846996887
cifar10,42,4741,hamming_quantile,1259,0.6994444444444444,0.9999999916880152,0.7970667515608264
cifar10,42,4741,real_quantile,1259,0.6994444444444444,0.9999999916880152,0.7970667515608264
cifar10,42,4741,random_quantile,1259,0.6994444444444444,0.9999999916880152,1.008699197298829
cifar10,42,4741,ordered_quantile,1259,0.6994444444444444,0.9999999916880152,0.7924580881563781
cifar10,43,2441,old_annuli,1627,0.9038888888888889,0.9999998728933628,0.8389225573066911
cifar10,43,2441,hamming_quantile,1627,0.9038888888888889,0.9999998728933628,0.8104990165913436
cifar10,43,2441,real_quantile,1627,0.9038888888888889,0.9999998728933628,0.8106104147482585
cifar10,43,2441,random_quantile,1627,0.9038888888888889,0.9999998728933628,0.9974011368528322
cifar10,43,2441,ordered_quantile,1627,0.9038888888888889,0.9999998728933628,0.6261606823707662
cifar10,44,8954,old_annuli,1798,0.9988888888888888,0.9999999976141876,0.982976062387608
cifar10,44,8954,hamming_quantile,1798,0.9988888888888888,0.9999999976141876,0.8919468717260228
cifar10,44,8954,real_quantile,1798,0.9988888888888888,0.9999999976141876,0.8917678402585775
cifar10,44,8954,random_quantile,1798,0.9988888888888888,0.9999999976141876,1.0095525934974545
cifar10,44,8954,ordered_quantile,1798,0.9988888888888888,0.9999999976141876,0.3750766849112978
cifar10,45,5283,old_annuli,1750,0.9722222222222222,0.9999999969467837,0.931914063428219
cifar10,45,5283,hamming_quantile,1750,0.9722222222222222,0.9999999969467837,0.8848055526186241
cifar10,45,5283,real_quantile,1750,0.9722222222222222,0.9999999969467837,0.8848055526186245
cifar10,45,5283,random_quantile,1750,0.9722222222222222,0.9999999969467837,1.013769247947672
cifar10,45,5283,ordered_quantile,1750,0.9722222222222222,0.9999999969467837,0.6836211006209042
cifar10,46,9734,old_annuli,1798,0.9988888888888888,0.9999999975402686,0.9907505244471884
cifar10,46,9734,hamming_quantile,1798,0.9988888888888888,0.9999999975402686,0.8843526755369276
cifar10,46,9734,real_quantile,1798,0.9988888888888888,0.9999999975402686,0.8843293774189467
cifar10,46,9734,random_quantile,1798,0.9988888888888888,0.9999999975402686,1.0117089838563227
cifar10,46,9734,ordered_quantile,1798,0.9988888888888888,0.9999999975402686,0.4754904917401186
cifar10,47,7607,old_annuli,1787,0.9927777777777778,0.9999999999998682,0.953883834353994
cifar10,47,7607,hamming_quantile,1787,0.9927777777777778,0.9999999999998682,0.7312416286771742
cifar10,47,7607,real_quantile,1787,0.9927777777777778,0.9999999999998682,0.7335683596835918
cifar10,47,7607,random_quantile,1787,0.9927777777777778,0.9999999999998682,1.0018647288253806
cifar10,47,7607,ordered_quantile,1787,0.9927777777777778,0.9999999999998682,0.3423614196646342
cifar10,48,9673,old_annuli,1786,0.9922222222222222,0.9999999881597856,0.9598956312461638
cifar10,48,9673,hamming_quantile,1786,0.9922222222222222,0.9999999881597856,0.9273173787834512
cifar10,48,9673,real_quantile,1786,0.9922222222222222,0.9999999881597856,0.92711941030574
cifar10,48,9673,random_quantile,1786,0.9922222222222222,0.9999999881597856,1.0006517681563507
cifar10,48,9673,ordered_quantile,1786,0.9922222222222222,0.9999999881597856,0.650060864441169
cifar10,49,7162,old_annuli,1787,0.9927777777777778,0.9999999999998986,0.9765224776660092
cifar10,49,7162,hamming_quantile,1787,0.9927777777777778,0.9999999999998986,0.8420142143300812
cifar10,49,7162,real_quantile,1787,0.9927777777777778,0.9999999999998986,0.8427542905461471
cifar10,49,7162,random_quantile,1787,0.9927777777777778,0.9999999999998986,1.0009926301563028
cifar10,49,7162,ordered_quantile,1787,0.9927777777777778,0.9999999999998986,0.4983158506047778
cifar10,50,5995,old_annuli,1796,0.9977777777777778,0.9999999999995,0.9857843864163672
cifar10,50,5995,hamming_quantile,1796,0.9977777777777778,0.9999999999995,0.8622703149650541
cifar10,50,5995,real_quantile,1796,0.9977777777777778,0.9999999999995,0.8622303065837669
cifar10,50,5995,random_quantile,1796,0.9977777777777778,0.9999999999995,1.0003920523486443
cifar10,50,5995,ordered_quantile,1796,0.9977777777777778,0.9999999999995,0.4636159359596174
cifar10,51,3820,old_annuli,1798,0.9988888888888888,0.9999999999110932,0.9874508114464527
cifar10,51,3820,hamming_quantile,1798,0.9988888888888888,0.9999999999110932,0.9190655033681472
cifar10,51,3820,real_quantile,1798,0.9988888888888888,0.9999999999110932,0.917219403819932
cifar10,51,3820,random_quantile,1798,0.9988888888888888,0.9999999999110932,0.9997076833855548
cifar10,51,3820,ordered_quantile,1798,0.9988888888888888,0.9999999999110932,0.5024842846555726
cifar10,52,1779,old_annuli,1786,0.9922222222222222,0.999999996332586,0.9550925314880794
cifar10,52,1779,hamming_quantile,1786,0.9922222222222222,0.999999996332586,0.9202887941672993
cifar10,52,1779,real_quantile,1786,0.9922222222222222,0.999999996332586,0.9206382033459352
cifar10,52,1779,random_quantile,1786,0.9922222222222222,0.999999996332586,1.0050186401461567
cifar10,52,1779,ordered_quantile,1786,0.9922222222222222,0.999999996332586,0.4747834591871506
cifar10,53,7737,old_annuli,1796,0.9977777777777778,0.9999999999997226,0.981642769358446
cifar10,53,7737,hamming_quantile,1796,0.9977777777777778,0.9999999999997226,0.8787275981508796
cifar10,53,7737,real_quantile,1796,0.9977777777777778,0.9999999999997226,0.8789470227292888
cifar10,53,7737,random_quantile,1796,0.9977777777777778,0.9999999999997226,1.0075187305380138
cifar10,53,7737,ordered_quantile,1796,0.9977777777777778,0.9999999999997226,0.4588401285088102
cifar10,54,8267,old_annuli,1786,0.9922222222222222,0.9999999994335574,0.9318021507546976
cifar10,54,8267,hamming_quantile,1786,0.9922222222222222,0.9999999994335574,0.932605558724416
cifar10,54,8267,real_quantile,1786,0.9922222222222222,0.9999999994335574,0.9329157335535306
cifar10,54,8267,random_quantile,1786,0.9922222222222222,0.9999999994335574,1.000928849717348
cifar10,54,8267,ordered_quantile,1786,0.9922222222222222,0.9999999994335574,0.6223199417226336
cifar10,55,5870,old_annuli,1798,0.9988888888888888,0.9999999998746476,0.9544494575753952
cifar10,55,5870,hamming_quantile,1798,0.9988888888888888,0.9999999998746476,0.9038749648532398
cifar10,55,5870,real_quantile,1798,0.9988888888888888,0.9999999998746476,0.9038004019790684
cifar10,55,5870,random_quantile,1798,0.9988888888888888,0.9999999998746476,1.0025914081368819
cifar10,55,5870,ordered_quantile,1798,0.9988888888888888,0.9999999998746476,0.3437329052659938
cifar10,56,7037,old_annuli,1786,0.9922222222222222,0.9999999984462128,0.906306177772365
cifar10,56,7037,hamming_quantile,1786,0.9922222222222222,0.9999999984462128,0.9095732067319052
cifar10,56,7037,real_quantile,1786,0.9922222222222222,0.9999999984462128,0.9112249646135384
cifar10,56,7037,random_quantile,1786,0.9922222222222222,0.9999999984462128,1.0006314667176466
cifar10,56,7037,ordered_quantile,1786,0.9922222222222222,0.9999999984462128,0.3882949377540636
cifar10,57,3721,old_annuli,1750,0.9722222222222222,0.9999999948905548,0.9604926542537252
cifar10,57,3721,hamming_quantile,1750,0.9722222222222222,0.9999999948905548,0.9230231660843256
cifar10,57,3721,real_quantile,1750,0.9722222222222222,0.9999999948905548,0.9237740097510228
cifar10,57,3721,random_quantile,1750,0.9722222222222222,0.9999999948905548,0.9932595228697707
cifar10,57,3721,ordered_quantile,1750,0.9722222222222222,0.9999999948905548,0.7815081803102016
cifar10,58,838,old_annuli,1753,0.9738888888888888,0.999999999990646,0.823330017981748
cifar10,58,838,hamming_quantile,1753,0.9738888888888888,0.999999999990646,0.6626011958910897
cifar10,58,838,real_quantile,1753,0.9738888888888888,0.999999999990646,0.6758690919669594
cifar10,58,838,random_quantile,1753,0.9738888888888888,0.999999999990646,1.0045185311135467
cifar10,58,838,ordered_quantile,1753,0.9738888888888888,0.999999999990646,0.3206538829635561
cifar10,59,8103,old_annuli,1750,0.9722222222222222,0.9999998940878596,0.906520734159809
cifar10,59,8103,hamming_quantile,1750,0.9722222222222222,0.9999998940878596,0.8893104985421517
cifar10,59,8103,real_quantile,1750,0.9722222222222222,0.9999998940878596,0.8891703028080628
cifar10,59,8103,random_quantile,1750,0.9722222222222222,0.9999998940878596,1.0004535050935535
cifar10,59,8103,ordered_quantile,1750,0.9722222222222222,0.9999998940878596,0.5850874052387244
cifar10,60,2272,old_annuli,1798,0.9988888888888888,0.999999995450039,0.9801747646152684
cifar10,60,2272,hamming_quantile,1798,0.9988888888888888,0.999999995450039,0.944089141037574
cifar10,60,2272,real_quantile,1798,0.9988888888888888,0.999999995450039,0.9437964648573638
cifar10,60,2272,random_quantile,1798,0.9988888888888888,0.999999995450039,1.0074232081560996
cifar10,60,2272,ordered_quantile,1798,0.9988888888888888,0.999999995450039,0.6193930130589484
cifar10,61,9575,old_annuli,1786,0.9922222222222222,0.999999999902994,0.939131877054348
cifar10,61,9575,hamming_quantile,1786,0.9922222222222222,0.999999999902994,0.8884414168211702
cifar10,61,9575,real_quantile,1786,0.9922222222222222,0.999999999902994,0.8882395295602599
cifar10,61,9575,random_quantile,1786,0.9922222222222222,0.999999999902994,0.9986296239764201
cifar10,61,9575,ordered_quantile,1786,0.9922222222222222,0.999999999902994,0.5408301590045094
cifar10,62,7801,old_annuli,1798,0.9988888888888888,0.9999999998962462,0.9654345719699948
cifar10,62,7801,hamming_quantile,1798,0.9988888888888888,0.9999999998962462,0.9534783724372664
cifar10,62,7801,real_quantile,1798,0.9988888888888888,0.9999999998962462,0.9533018892516008
cifar10,62,7801,random_quantile,1798,0.9988888888888888,0.9999999998962462,0.9990194002336356
cifar10,62,7801,ordered_quantile,1798,0.9988888888888888,0.9999999998962462,0.5255760174605127
cifar10,63,5725,old_annuli,1753,0.9738888888888888,0.9999999999999843,0.8141320541477639
cifar10,63,5725,hamming_quantile,1753,0.9738888888888888,0.9999999999999843,0.6925975132370582
cifar10,63,5725,real_quantile,1753,0.9738888888888888,0.9999999999999843,0.6892948120299826
cifar10,63,5725,random_quantile,1753,0.9738888888888888,0.9999999999999843,0.9996106911793892
cifar10,63,5725,ordered_quantile,1753,0.9738888888888888,0.9999999999999843,0.5593147924912548
cifar10,64,6634,old_annuli,1787,0.9927777777777778,0.9999999999995338,0.9282144620553352
cifar10,64,6634,hamming_quantile,1787,0.9927777777777778,0.9999999999995338,0.7286739261798605
cifar10,64,6634,real_quantile,1787,0.9927777777777778,0.9999999999995338,0.7315194652357335
cifar10,64,6634,random_quantile,1787,0.9927777777777778,0.9999999999995338,1.001390046792043
cifar10,64,6634,ordered_quantile,1787,0.9927777777777778,0.9999999999995338,0.2890625832319228
cifar10,65,4738,old_annuli,1786,0.9922222222222222,0.9999999973229756,0.9313605319069896
cifar10,65,4738,hamming_quantile,1786,0.9922222222222222,0.9999999973229756,0.934644059080635
cifar10,65,4738,real_quantile,1786,0.9922222222222222,0.9999999973229756,0.9344874899291862
cifar10,65,4738,random_quantile,1786,0.9922222222222222,0.9999999973229756,1.0041727596918946
cifar10,65,4738,ordered_quantile,1786,0.9922222222222222,0.9999999973229756,0.4794907816417366
cifar10,66,1110,old_annuli,1787,0.9927777777777778,0.9999999999996644,0.9169417044717916
cifar10,66,1110,hamming_quantile,1787,0.9927777777777778,0.9999999999996644,0.7502896648565767
cifar10,66,1110,real_quantile,1787,0.9927777777777778,0.9999999999996644,0.7526538907738838
cifar10,66,1110,random_quantile,1787,0.9927777777777778,0.9999999999996644,1.005131200958916
cifar10,66,1110,ordered_quantile,1787,0.9927777777777778,0.9999999999996644,0.336529113513935
cifar10,67,260,old_annuli,1798,0.9988888888888888,0.999999999980226,0.9604223693818924
cifar10,67,260,hamming_quantile,1798,0.9988888888888888,0.999999999980226,0.9384045828025152
cifar10,67,260,real_quantile,1798,0.9988888888888888,0.999999999980226,0.9385751672199382
cifar10,67,260,random_quantile,1798,0.9988888888888888,0.999999999980226,1.0053772216638712
cifar10,67,260,ordered_quantile,1798,0.9988888888888888,0.999999999980226,0.4746318096059134
cifar10,68,7975,old_annuli,1753,0.9738888888888888,0.9999999999998798,0.8224905692310273
cifar10,68,7975,hamming_quantile,1753,0.9738888888888888,0.9999999999998798,0.7208703170884392
cifar10,68,7975,real_quantile,1753,0.9738888888888888,0.9999999999998798,0.7245006474114241
cifar10,68,7975,random_quantile,1753,0.9738888888888888,0.9999999999998798,0.9966239955929612
cifar10,68,7975,ordered_quantile,1753,0.9738888888888888,0.9999999999998798,0.5642273587181393
cifar10,69,2736,old_annuli,1753,0.9738888888888888,0.9999999999907996,0.9668201413181688
cifar10,69,2736,hamming_quantile,1753,0.9738888888888888,0.9999999999907996,0.8847733829608737
cifar10,69,2736,real_quantile,1753,0.9738888888888888,0.9999999999907996,0.8845987790213568
cifar10,69,2736,random_quantile,1753,0.9738888888888888,0.9999999999907996,1.0017087999696135
cifar10,69,2736,ordered_quantile,1753,0.9738888888888888,0.9999999999907996,0.666503950222935
cifar10,70,7597,old_annuli,1787,0.9927777777777778,0.9999999999952636,0.9341926352451494
cifar10,70,7597,hamming_quantile,1787,0.9927777777777778,0.9999999999952636,0.814594517457455
cifar10,70,7597,real_quantile,1787,0.9927777777777778,0.9999999999952636,0.8167682793085136
cifar10,70,7597,random_quantile,1787,0.9927777777777778,0.9999999999952636,1.0065597258284877
cifar10,70,7597,ordered_quantile,1787,0.9927777777777778,0.9999999999952636,0.3604189176163054
cifar10,71,5285,old_annuli,1798,0.9988888888888888,0.9999999933556096,0.9946396498375512
cifar10,71,5285,hamming_quantile,1798,0.9988888888888888,0.9999999933556096,0.8935269058734859
cifar10,71,5285,real_quantile,1798,0.9988888888888888,0.9999999933556096,0.8934422670113791
cifar10,71,5285,random_quantile,1798,0.9988888888888888,0.9999999933556096,1.001536070300759
cifar10,71,5285,ordered_quantile,1798,0.9988888888888888,0.9999999933556096,0.429922520667702
cifar10,72,1518,old_annuli,1796,0.9977777777777778,0.9999999999999392,0.9430417762897072
cifar10,72,1518,hamming_quantile,1796,0.9977777777777778,0.9999999999999392,0.7920776008062569
cifar10,72,1518,real_quantile,1796,0.9977777777777778,0.9999999999999392,0.7920542219022652
cifar10,72,1518,random_quantile,1796,0.9977777777777778,0.9999999999999392,1.0061717836825959
cifar10,72,1518,ordered_quantile,1796,0.9977777777777778,0.9999999999999392,0.3117426892387731
cifar10,73,6192,old_annuli,1753,0.9738888888888888,0.9999999999978372,0.9860088406966424
cifar10,73,6192,hamming_quantile,1753,0.9738888888888888,0.9999999999978372,0.8841415930152072
cifar10,73,6192,real_quantile,1753,0.9738888888888888,0.9999999999978372,0.882731237159108
cifar10,73,6192,random_quantile,1753,0.9738888888888888,0.9999999999978372,1.0021745619468487
cifar10,73,6192,ordered_quantile,1753,0.9738888888888888,0.9999999999978372,0.7476777489867823
cifar10,74,7078,old_annuli,1787,0.9927777777777778,0.9999999999999876,0.8847337985112853
cifar10,74,7078,hamming_quantile,1787,0.9927777777777778,0.9999999999999876,0.73278877288098
cifar10,74,7078,real_quantile,1787,0.9927777777777778,0.9999999999999876,0.7401256526155464
cifar10,74,7078,random_quantile,1787,0.9927777777777778,0.9999999999999876,1.0008817581349008
cifar10,74,7078,ordered_quantile,1787,0.9927777777777778,0.9999999999999876,0.4193576035361731
cifar10,75,6405,old_annuli,1627,0.9038888888888889,0.9999999864815128,0.8200790498732814
cifar10,75,6405,hamming_quantile,1627,0.9038888888888889,0.9999999864815128,0.8325120543656945
cifar10,75,6405,real_quantile,1627,0.9038888888888889,0.9999999864815128,0.8325120543656946
cifar10,75,6405,random_quantile,1627,0.9038888888888889,0.9999999864815128,1.0057889520511543
cifar10,75,6405,ordered_quantile,1627,0.9038888888888889,0.9999999864815128,0.70490987763313
cifar10,76,4924,old_annuli,1750,0.9722222222222222,0.9999998341923972,0.9047362776140412
cifar10,76,4924,hamming_quantile,1750,0.9722222222222222,0.9999998341923972,0.9124193469314292
cifar10,76,4924,real_quantile,1750,0.9722222222222222,0.9999998341923972,0.912445764197722
cifar10,76,4924,random_quantile,1750,0.9722222222222222,0.9999998341923972,0.9972392953233478
cifar10,76,4924,ordered_quantile,1750,0.9722222222222222,0.9999998341923972,0.629666363287229
cifar10,77,6082,old_annuli,1798,0.9988888888888888,0.9999999998626758,0.9742474404821004
cifar10,77,6082,hamming_quantile,1798,0.9988888888888888,0.9999999998626758,0.9322347196449848
cifar10,77,6082,real_quantile,1798,0.9988888888888888,0.9999999998626758,0.9319026675897096
cifar10,77,6082,random_quantile,1798,0.9988888888888888,0.9999999998626758,1.0008324474055212
cifar10,77,6082,ordered_quantile,1798,0.9988888888888888,0.9999999998626758,0.4634211652783616
cifar10,78,8963,old_annuli,1750,0.9722222222222222,0.9999999560935894,0.9610373089975552
cifar10,78,8963,hamming_quantile,1750,0.9722222222222222,0.9999999560935894,0.8856034193786728
cifar10,78,8963,real_quantile,1750,0.9722222222222222,0.9999999560935894,0.8856140133049653
cifar10,78,8963,random_quantile,1750,0.9722222222222222,0.9999999560935894,1.0002553231571345
cifar10,78,8963,ordered_quantile,1750,0.9722222222222222,0.9999999560935894,0.6268450530470914
cifar10,79,8457,old_annuli,1787,0.9927777777777778,0.999999999999991,0.8651166802640353
cifar10,79,8457,hamming_quantile,1787,0.9927777777777778,0.999999999999991,0.7474425559013516
cifar10,79,8457,real_quantile,1787,0.9927777777777778,0.999999999999991,0.7499093583711174
cifar10,79,8457,random_quantile,1787,0.9927777777777778,0.999999999999991,1.0024453272557843
cifar10,79,8457,ordered_quantile,1787,0.9927777777777778,0.999999999999991,0.3808464403773633
cifar10_gist512,0,52431,old_annuli,1338,0.7433333333333333,0.9955084533521072,0.8998016254114325
cifar10_gist512,0,52431,hamming_quantile,1338,0.7433333333333333,0.9955084533521072,0.4704544632267416
cifar10_gist512,0,52431,real_quantile,1338,0.7433333333333333,0.9955084533521072,0.4383627465208231
cifar10_gist512,0,52431,random_quantile,1338,0.7433333333333333,0.9955084533521072,0.9978970411443993
cifar10_gist512,0,52431,ordered_quantile,1338,0.7433333333333333,0.9955084533521072,0.3096520454293905
cifar10_gist512,1,16244,old_annuli,1613,0.8961111111111111,0.9951332978704512,0.9495589150703476
cifar10_gist512,1,16244,hamming_quantile,1613,0.8961111111111111,0.9951332978704512,0.6842795597222808
cifar10_gist512,1,16244,real_quantile,1613,0.8961111111111111,0.9951332978704512,0.4865283536927572
cifar10_gist512,1,16244,random_quantile,1613,0.8961111111111111,0.9951332978704512,1.0050022345234875
cifar10_gist512,1,16244,ordered_quantile,1613,0.8961111111111111,0.9951332978704512,0.3312939962029318
cifar10_gist512,2,44441,old_annuli,1589,0.8827777777777778,0.9831315320237488,0.9742602854479516
cifar10_gist512,2,44441,hamming_quantile,1589,0.8827777777777778,0.9831315320237488,0.7256746434902424
cifar10_gist512,2,44441,real_quantile,1589,0.8827777777777778,0.9831315320237488,0.6583789068608076
cifar10_gist512,2,44441,random_quantile,1589,0.8827777777777778,0.9831315320237488,1.0032615653218921
cifar10_gist512,2,44441,ordered_quantile,1589,0.8827777777777778,0.9831315320237488,0.3077223651529301
cifar10_gist512,3,5630,old_annuli,1604,0.8911111111111111,0.9969576835689756,0.9484342004482348
cifar10_gist512,3,5630,hamming_quantile,1604,0.8911111111111111,0.9969576835689756,0.578741700002814
cifar10_gist512,3,5630,real_quantile,1604,0.8911111111111111,0.9969576835689756,0.5057140790940144
cifar10_gist512,3,5630,random_quantile,1604,0.8911111111111111,0.9969576835689756,1.019111597825073
cifar10_gist512,3,5630,ordered_quantile,1604,0.8911111111111111,0.9969576835689756,0.4216886180900597
cifar10_gist512,4,36051,old_annuli,1472,0.8177777777777778,0.9553884542089648,0.995223996821204
cifar10_gist512,4,36051,hamming_quantile,1472,0.8177777777777778,0.9553884542089648,0.8371734114692929
cifar10_gist512,4,36051,real_quantile,1472,0.8177777777777778,0.9553884542089648,0.7614188685113538
cifar10_gist512,4,36051,random_quantile,1472,0.8177777777777778,0.9553884542089648,1.0014432900430947
cifar10_gist512,4,36051,ordered_quantile,1472,0.8177777777777778,0.9553884542089648,0.3340695070985073
cifar10_gist512,5,3301,old_annuli,1428,0.7933333333333333,0.9907962263192616,0.9306300359864256
cifar10_gist512,5,3301,hamming_quantile,1428,0.7933333333333333,0.9907962263192616,0.6094754809576313
cifar10_gist512,5,3301,real_quantile,1428,0.7933333333333333,0.9907962263192616,0.4636224015594982
cifar10_gist512,5,3301,random_quantile,1428,0.7933333333333333,0.9907962263192616,1.005775743645401
cifar10_gist512,5,3301,ordered_quantile,1428,0.7933333333333333,0.9907962263192616,0.3202471784427009
cifar10_gist512,6,34831,old_annuli,1774,0.9855555555555556,0.9986502980577302,1.0066616344528476
cifar10_gist512,6,34831,hamming_quantile,1774,0.9855555555555556,0.9986502980577302,0.9869690597169072
cifar10_gist512,6,34831,real_quantile,1774,0.9855555555555556,0.9986502980577302,0.9283236367951772
cifar10_gist512,6,34831,random_quantile,1774,0.9855555555555556,0.9986502980577302,1.0022205127813006
cifar10_gist512,6,34831,ordered_quantile,1774,0.9855555555555556,0.9986502980577302,0.9096896901606282
cifar10_gist512,7,13341,old_annuli,1676,0.9311111111111112,0.9966297273350976,1.0022685604688095
cifar10_gist512,7,13341,hamming_quantile,1676,0.9311111111111112,0.9966297273350976,0.6482808537520749
cifar10_gist512,7,13341,real_quantile,1676,0.9311111111111112,0.9966297273350976,0.497443114033982
cifar10_gist512,7,13341,random_quantile,1676,0.9311111111111112,0.9966297273350976,1.007583517605567
cifar10_gist512,7,13341,ordered_quantile,1676,0.9311111111111112,0.9966297273350976,0.2699388722161383
cifar10_gist512,8,37740,old_annuli,1505,0.8361111111111111,0.9652614576793032,0.9804411052782386
cifar10_gist512,8,37740,hamming_quantile,1505,0.8361111111111111,0.9652614576793032,0.9114078099879748
cifar10_gist512,8,37740,real_quantile,1505,0.8361111111111111,0.9652614576793032,0.8201565654935362
cifar10_gist512,8,37740,random_quantile,1505,0.8361111111111111,0.9652614576793032,1.0021480316795712
cifar10_gist512,8,37740,ordered_quantile,1505,0.8361111111111111,0.9652614576793032,0.2841710209916014
cifar10_gist512,9,26765,old_annuli,1525,0.8472222222222222,0.9768043182981612,0.9652579173895212
cifar10_gist512,9,26765,hamming_quantile,1525,0.8472222222222222,0.9768043182981612,0.6226592760494104
cifar10_gist512,9,26765,real_quantile,1525,0.8472222222222222,0.9768043182981612,0.5140899594050355
cifar10_gist512,9,26765,random_quantile,1525,0.8472222222222222,0.9768043182981612,1.0014543929722128
cifar10_gist512,9,26765,ordered_quantile,1525,0.8472222222222222,0.9768043182981612,0.2907667188833086
cifar10_gist512,10,57606,old_annuli,1653,0.9183333333333332,0.9884019786240368,0.9977290458918038
cifar10_gist512,10,57606,hamming_quantile,1653,0.9183333333333332,0.9884019786240368,0.8497187184534489
cifar10_gist512,10,57606,real_quantile,1653,0.9183333333333332,0.9884019786240368,0.7488705466478018
cifar10_gist512,10,57606,random_quantile,1653,0.9183333333333332,0.9884019786240368,1.0155500513931526
cifar10_gist512,10,57606,ordered_quantile,1653,0.9183333333333332,0.9884019786240368,0.3666387324106797
cifar10_gist512,11,23165,old_annuli,1574,0.8744444444444445,0.9729207623511712,1.0164338298280071
cifar10_gist512,11,23165,hamming_quantile,1574,0.8744444444444445,0.9729207623511712,0.7955609386061041
cifar10_gist512,11,23165,real_quantile,1574,0.8744444444444445,0.9729207623511712,0.7118134399284637
cifar10_gist512,11,23165,random_quantile,1574,0.8744444444444445,0.9729207623511712,0.9923748906767111
cifar10_gist512,11,23165,ordered_quantile,1574,0.8744444444444445,0.9729207623511712,0.4815137376849034
cifar10_gist512,12,58926,old_annuli,1635,0.9083333333333332,0.9777080593997132,0.9884009894713646
cifar10_gist512,12,58926,hamming_quantile,1635,0.9083333333333332,0.9777080593997132,0.6802818646868032
cifar10_gist512,12,58926,real_quantile,1635,0.9083333333333332,0.9777080593997132,0.5767195067159097
cifar10_gist512,12,58926,random_quantile,1635,0.9083333333333332,0.9777080593997132,1.003376358375014
cifar10_gist512,12,58926,ordered_quantile,1635,0.9083333333333332,0.9777080593997132,0.262859521263116
cifar10_gist512,13,47544,old_annuli,1597,0.8872222222222222,0.9873529800394588,0.996642905081406
cifar10_gist512,13,47544,hamming_quantile,1597,0.8872222222222222,0.9873529800394588,0.6263089222318279
cifar10_gist512,13,47544,real_quantile,1597,0.8872222222222222,0.9873529800394588,0.5056450514366765
cifar10_gist512,13,47544,random_quantile,1597,0.8872222222222222,0.9873529800394588,1.0012269163315861
cifar10_gist512,13,47544,ordered_quantile,1597,0.8872222222222222,0.9873529800394588,0.2928652349285611
cifar10_gist512,14,22349,old_annuli,1617,0.8983333333333333,0.96081632675212,0.9938377816778862
cifar10_gist512,14,22349,hamming_quantile,1617,0.8983333333333333,0.96081632675212,0.8433445918300574
cifar10_gist512,14,22349,real_quantile,1617,0.8983333333333333,0.96081632675212,0.7296927823689198
cifar10_gist512,14,22349,random_quantile,1617,0.8983333333333333,0.96081632675212,1.0044277699323398
cifar10_gist512,14,22349,ordered_quantile,1617,0.8983333333333333,0.96081632675212,0.4035949345046404
cifar10_gist512,15,37861,old_annuli,1688,0.9377777777777778,0.9769717891827074,0.9868228191419468
cifar10_gist512,15,37861,hamming_quantile,1688,0.9377777777777778,0.9769717891827074,0.8329842028935283
cifar10_gist512,15,37861,real_quantile,1688,0.9377777777777778,0.9769717891827074,0.7338083264576319
cifar10_gist512,15,37861,random_quantile,1688,0.9377777777777778,0.9769717891827074,1.0005081527511657
cifar10_gist512,15,37861,ordered_quantile,1688,0.9377777777777778,0.9769717891827074,0.4192752425803707
cifar10_gist512,16,20539,old_annuli,1289,0.7161111111111111,0.999829724563668,0.8314487465313413
cifar10_gist512,16,20539,hamming_quantile,1289,0.7161111111111111,0.999829724563668,0.6618671335362374
cifar10_gist512,16,20539,real_quantile,1289,0.7161111111111111,0.999829724563668,0.654557287279101
cifar10_gist512,16,20539,random_quantile,1289,0.7161111111111111,0.999829724563668,1.0037855438977359
cifar10_gist512,16,20539,ordered_quantile,1289,0.7161111111111111,0.999829724563668,0.6396602729205163
cifar10_gist512,17,17234,old_annuli,1591,0.8838888888888888,0.957295178282866,0.977168742667693
cifar10_gist512,17,17234,hamming_quantile,1591,0.8838888888888888,0.957295178282866,0.8084607063803271
cifar10_gist512,17,17234,real_quantile,1591,0.8838888888888888,0.957295178282866,0.5545641045234373
cifar10_gist512,17,17234,random_quantile,1591,0.8838888888888888,0.957295178282866,1.0009422847379787
cifar10_gist512,17,17234,ordered_quantile,1591,0.8838888888888888,0.957295178282866,0.1780372923040922
cifar10_gist512,18,37660,old_annuli,1589,0.8827777777777778,0.9670174546491684,0.985465695944438
cifar10_gist512,18,37660,hamming_quantile,1589,0.8827777777777778,0.9670174546491684,0.8048297639887297
cifar10_gist512,18,37660,real_quantile,1589,0.8827777777777778,0.9670174546491684,0.6673484667518089
cifar10_gist512,18,37660,random_quantile,1589,0.8827777777777778,0.9670174546491684,0.9960724555796613
cifar10_gist512,18,37660,ordered_quantile,1589,0.8827777777777778,0.9670174546491684,0.3099783887902666
cifar10_gist512,19,23044,old_annuli,1543,0.8572222222222222,0.9778448728578236,0.9891317583259088
cifar10_gist512,19,23044,hamming_quantile,1543,0.8572222222222222,0.9778448728578236,0.820650928664469
cifar10_gist512,19,23044,real_quantile,1543,0.8572222222222222,0.9778448728578236,0.7028254688278572
cifar10_gist512,19,23044,random_quantile,1543,0.8572222222222222,0.9778448728578236,1.0005430404254654
cifar10_gist512,19,23044,ordered_quantile,1543,0.8572222222222222,0.9778448728578236,0.2081833743772413
cifar10_gist512,20,31267,old_annuli,1414,0.7855555555555556,0.99920692813611,0.9518494091170538
cifar10_gist512,20,31267,hamming_quantile,1414,0.7855555555555556,0.99920692813611,0.6933736012127036
cifar10_gist512,20,31267,real_quantile,1414,0.7855555555555556,0.99920692813611,0.5923351826688429
cifar10_gist512,20,31267,random_quantile,1414,0.7855555555555556,0.99920692813611,1.008769160864243
cifar10_gist512,20,31267,ordered_quantile,1414,0.7855555555555556,0.99920692813611,0.5497828756917309
cifar10_gist512,21,41695,old_annuli,1564,0.8688888888888889,0.9994519341226236,0.9778779071667468
cifar10_gist512,21,41695,hamming_quantile,1564,0.8688888888888889,0.9994519341226236,0.7614184906356944
cifar10_gist512,21,41695,real_quantile,1564,0.8688888888888889,0.9994519341226236,0.6426409860557277
cifar10_gist512,21,41695,random_quantile,1564,0.8688888888888889,0.9994519341226236,1.0260024302968307
cifar10_gist512,21,41695,ordered_quantile,1564,0.8688888888888889,0.9994519341226236,0.5705653956985414
cifar10_gist512,22,27590,old_annuli,1648,0.9155555555555556,0.9947853176502168,0.9765256978367768
cifar10_gist512,22,27590,hamming_quantile,1648,0.9155555555555556,0.9947853176502168,0.962208623155196
cifar10_gist512,22,27590,real_quantile,1648,0.9155555555555556,0.9947853176502168,0.9492037289698384
cifar10_gist512,22,27590,random_quantile,1648,0.9155555555555556,0.9947853176502168,1.001592361460912
cifar10_gist512,22,27590,ordered_quantile,1648,0.9155555555555556,0.9947853176502168,0.9001335663263179
cifar10_gist512,23,34150,old_annuli,1438,0.7988888888888889,0.999867346486255,0.8452741216001755
cifar10_gist512,23,34150,hamming_quantile,1438,0.7988888888888889,0.999867346486255,0.6376751453150551
cifar10_gist512,23,34150,real_quantile,1438,0.7988888888888889,0.999867346486255,0.5416044724860175
cifar10_gist512,23,34150,random_quantile,1438,0.7988888888888889,0.999867346486255,1.0028993709150968
cifar10_gist512,23,34150,ordered_quantile,1438,0.7988888888888889,0.999867346486255,0.5187227570203654
cifar10_gist512,24,19313,old_annuli,1612,0.8955555555555555,0.9601988399351876,0.9999245427039468
cifar10_gist512,24,19313,hamming_quantile,1612,0.8955555555555555,0.9601988399351876,0.822247356804633
cifar10_gist512,24,19313,real_quantile,1612,0.8955555555555555,0.9601988399351876,0.722774073377948
cifar10_gist512,24,19313,random_quantile,1612,0.8955555555555555,0.9601988399351876,1.003232256454536
cifar10_gist512,24,19313,ordered_quantile,1612,0.8955555555555555,0.9601988399351876,0.3136855508840647
cifar10_gist512,25,3056,old_annuli,1457,0.8094444444444444,0.9588261260298052,0.9990491384419916
cifar10_gist512,25,3056,hamming_quantile,1457,0.8094444444444444,0.9588261260298052,0.7637647552388191
cifar10_gist512,25,3056,real_quantile,1457,0.8094444444444444,0.9588261260298052,0.6944324167275531
cifar10_gist512,25,3056,random_quantile,1457,0.8094444444444444,0.9588261260298052,0.9962786887129882
cifar10_gist512,25,3056,ordered_quantile,1457,0.8094444444444444,0.9588261260298052,0.408514323061784
cifar10_gist512,26,48829,old_annuli,1624,0.9022222222222224,0.9771593083223258,0.996898778799581
cifar10_gist512,26,48829,hamming_quantile,1624,0.9022222222222224,0.9771593083223258,0.9056099772388412
cifar10_gist512,26,48829,real_quantile,1624,0.9022222222222224,0.9771593083223258,0.8657051914476577
cifar10_gist512,26,48829,random_quantile,1624,0.9022222222222224,0.9771593083223258,0.9995077940532026
cifar10_gist512,26,48829,ordered_quantile,1624,0.9022222222222224,0.9771593083223258,0.3078143512537134
cifar10_gist512,27,48489,old_annuli,1598,0.8877777777777778,0.9956252655974994,1.013354334036058
cifar10_gist512,27,48489,hamming_quantile,1598,0.8877777777777778,0.9956252655974994,0.6540933574095237
cifar10_gist512,27,48489,real_quantile,1598,0.8877777777777778,0.9956252655974994,0.5970986526924874
cifar10_gist512,27,48489,random_quantile,1598,0.8877777777777778,0.9956252655974994,1.0053832134045688
cifar10_gist512,27,48489,ordered_quantile,1598,0.8877777777777778,0.9956252655974994,0.3700282482876985
cifar10_gist512,28,50305,old_annuli,1516,0.8422222222222222,0.9986123951283122,0.998303658446359
cifar10_gist512,28,50305,hamming_quantile,1516,0.8422222222222222,0.9986123951283122,0.7607237528993974
cifar10_gist512,28,50305,real_quantile,1516,0.8422222222222222,0.9986123951283122,0.6374121268491584
cifar10_gist512,28,50305,random_quantile,1516,0.8422222222222222,0.9986123951283122,0.9985179504375115
cifar10_gist512,28,50305,ordered_quantile,1516,0.8422222222222222,0.9986123951283122,0.6020072629682377
cifar10_gist512,29,59014,old_annuli,1615,0.8972222222222223,0.9837861392364238,0.9965284513829822
cifar10_gist512,29,59014,hamming_quantile,1615,0.8972222222222223,0.9837861392364238,0.8463806396313083
cifar10_gist512,29,59014,real_quantile,1615,0.8972222222222223,0.9837861392364238,0.7607300397900153
cifar10_gist512,29,59014,random_quantile,1615,0.8972222222222223,0.9837861392364238,0.9997466092276797
cifar10_gist512,29,59014,ordered_quantile,1615,0.8972222222222223,0.9837861392364238,0.3613422069254249
cifar10_gist512,30,17620,old_annuli,1553,0.8627777777777778,0.9700451460791056,0.983493406932528
cifar10_gist512,30,17620,hamming_quantile,1553,0.8627777777777778,0.9700451460791056,0.7318008669250293
cifar10_gist512,30,17620,real_quantile,1553,0.8627777777777778,0.9700451460791056,0.7533687590584606
cifar10_gist512,30,17620,random_quantile,1553,0.8627777777777778,0.9700451460791056,1.002476717164436
cifar10_gist512,30,17620,ordered_quantile,1553,0.8627777777777778,0.9700451460791056,0.3678238448403649
cifar10_gist512,31,30155,old_annuli,1527,0.8483333333333334,0.9508154175225616,0.9976626836386856
cifar10_gist512,31,30155,hamming_quantile,1527,0.8483333333333334,0.9508154175225616,0.874375333177131
cifar10_gist512,31,30155,real_quantile,1527,0.8483333333333334,0.9508154175225616,0.7584203033706848
cifar10_gist512,31,30155,random_quantile,1527,0.8483333333333334,0.9508154175225616,1.0012096151707048
cifar10_gist512,31,30155,ordered_quantile,1527,0.8483333333333334,0.9508154175225616,0.2034164180926997
cifar10_gist512,32,34843,old_annuli,1614,0.8966666666666666,0.9989967964508528,0.950810232467462
cifar10_gist512,32,34843,hamming_quantile,1614,0.8966666666666666,0.9989967964508528,0.707239770991022
cifar10_gist512,32,34843,real_quantile,1614,0.8966666666666666,0.9989967964508528,0.5698093193945425
cifar10_gist512,32,34843,random_quantile,1614,0.8966666666666666,0.9989967964508528,1.002798305319851
cifar10_gist512,32,34843,ordered_quantile,1614,0.8966666666666666,0.9989967964508528,0.4690578757404252
cifar10_gist512,33,4997,old_annuli,1791,0.995,0.9956942229802358,0.9583266604241798
cifar10_gist512,33,4997,hamming_quantile,1791,0.995,0.9956942229802358,0.8346714440798747
cifar10_gist512,33,4997,real_quantile,1791,0.995,0.9956942229802358,0.6657519168962129
cifar10_gist512,33,4997,random_quantile,1791,0.995,0.9956942229802358,1.0032401903271273
cifar10_gist512,33,4997,ordered_quantile,1791,0.995,0.9956942229802358,0.2259653665787999
cifar10_gist512,34,57523,old_annuli,1517,0.8427777777777777,0.9971060624724912,1.0149748860418026
cifar10_gist512,34,57523,hamming_quantile,1517,0.8427777777777777,0.9971060624724912,0.793218849325203
cifar10_gist512,34,57523,real_quantile,1517,0.8427777777777777,0.9971060624724912,0.772262493466783
cifar10_gist512,34,57523,random_quantile,1517,0.8427777777777777,0.9971060624724912,1.0105099503787844
cifar10_gist512,34,57523,ordered_quantile,1517,0.8427777777777777,0.9971060624724912,0.6331477417853225
cifar10_gist512,35,50576,old_annuli,1663,0.9238888888888888,0.9896115930531793,1.0063881268931465
cifar10_gist512,35,50576,hamming_quantile,1663,0.9238888888888888,0.9896115930531793,0.7736283577375049
cifar10_gist512,35,50576,real_quantile,1663,0.9238888888888888,0.9896115930531793,0.6765774003425118
cifar10_gist512,35,50576,random_quantile,1663,0.9238888888888888,0.9896115930531793,1.003109005884717
cifar10_gist512,35,50576,ordered_quantile,1663,0.9238888888888888,0.9896115930531793,0.4717288009974631
cifar10_gist512,36,36766,old_annuli,1486,0.8255555555555556,0.9937695947141936,1.0163229087889236
cifar10_gist512,36,36766,hamming_quantile,1486,0.8255555555555556,0.9937695947141936,0.5607903771516447
cifar10_gist512,36,36766,real_quantile,1486,0.8255555555555556,0.9937695947141936,0.4964175174963128
cifar10_gist512,36,36766,random_quantile,1486,0.8255555555555556,0.9937695947141936,0.9969184223861681
cifar10_gist512,36,36766,ordered_quantile,1486,0.8255555555555556,0.9937695947141936,0.2527775879050841
cifar10_gist512,37,18404,old_annuli,1669,0.9272222222222222,0.9941455612463392,1.0013069155423877
cifar10_gist512,37,18404,hamming_quantile,1669,0.9272222222222222,0.9941455612463392,0.7580976745399679
cifar10_gist512,37,18404,real_quantile,1669,0.9272222222222222,0.9941455612463392,0.5844472918736241
cifar10_gist512,37,18404,random_quantile,1669,0.9272222222222222,0.9941455612463392,1.0048625097124861
cifar10_gist512,37,18404,ordered_quantile,1669,0.9272222222222222,0.9941455612463392,0.2711969489372324
cifar10_gist512,38,44027,old_annuli,1479,0.8216666666666667,0.971920140287825,1.0067673354693212
cifar10_gist512,38,44027,hamming_quantile,1479,0.8216666666666667,0.971920140287825,0.7397179313707347
cifar10_gist512,38,44027,real_quantile,1479,0.8216666666666667,0.971920140287825,0.6976263214305402
cifar10_gist512,38,44027,random_quantile,1479,0.8216666666666667,0.971920140287825,1.0028098775822507
cifar10_gist512,38,44027,ordered_quantile,1479,0.8216666666666667,0.971920140287825,0.5038517527820285
cifar10_gist512,39,24404,old_annuli,1379,0.7661111111111111,0.99883344885418,0.7794406804597952
cifar10_gist512,39,24404,hamming_quantile,1379,0.7661111111111111,0.99883344885418,0.5818801803203049
cifar10_gist512,39,24404,real_quantile,1379,0.7661111111111111,0.99883344885418,0.4825001845206302
cifar10_gist512,39,24404,random_quantile,1379,0.7661111111111111,0.99883344885418,1.0066202598821765
cifar10_gist512,39,24404,ordered_quantile,1379,0.7661111111111111,0.99883344885418,0.3915097527676818
cifar10_gist512,40,7828,old_annuli,1556,0.8644444444444445,0.9346715876284776,0.9827112010020016
cifar10_gist512,40,7828,hamming_quantile,1556,0.8644444444444445,0.9346715876284776,0.8226601939305312
cifar10_gist512,40,7828,real_quantile,1556,0.8644444444444445,0.9346715876284776,0.6236303958119267
cifar10_gist512,40,7828,random_quantile,1556,0.8644444444444445,0.9346715876284776,1.0050009428130582
cifar10_gist512,40,7828,ordered_quantile,1556,0.8644444444444445,0.9346715876284776,0.2198411863680053
cifar10_gist512,41,46040,old_annuli,1618,0.8988888888888888,0.9679411313551533,1.000800971588725
cifar10_gist512,41,46040,hamming_quantile,1618,0.8988888888888888,0.9679411313551533,0.7693222270297715
cifar10_gist512,41,46040,real_quantile,1618,0.8988888888888888,0.9679411313551533,0.6710926327041947
cifar10_gist512,41,46040,random_quantile,1618,0.8988888888888888,0.9679411313551533,1.004873890567447
cifar10_gist512,41,46040,ordered_quantile,1618,0.8988888888888888,0.9679411313551533,0.3882725817502085
cifar10_gist512,42,32880,old_annuli,1474,0.8188888888888889,0.9869537691391578,0.8952487636065092
cifar10_gist512,42,32880,hamming_quantile,1474,0.8188888888888889,0.9869537691391578,0.7342130219834089
cifar10_gist512,42,32880,real_quantile,1474,0.8188888888888889,0.9869537691391578,0.5945273032730756
cifar10_gist512,42,32880,random_quantile,1474,0.8188888888888889,0.9869537691391578,1.0048121236307404
cifar10_gist512,42,32880,ordered_quantile,1474,0.8188888888888889,0.9869537691391578,0.3579768755331772
cifar10_gist512,43,11679,old_annuli,1633,0.9072222222222224,0.9698300693774724,0.9766955398915378
cifar10_gist512,43,11679,hamming_quantile,1633,0.9072222222222224,0.9698300693774724,0.8582782471996989
cifar10_gist512,43,11679,real_quantile,1633,0.9072222222222224,0.9698300693774724,0.7160098234307096
cifar10_gist512,43,11679,random_quantile,1633,0.9072222222222224,0.9698300693774724,1.0058078213899067
cifar10_gist512,43,11679,ordered_quantile,1633,0.9072222222222224,0.9698300693774724,0.3402840591622232
cifar10_gist512,44,54882,old_annuli,1552,0.8622222222222222,0.9894877389797284,0.9099041143822552
cifar10_gist512,44,54882,hamming_quantile,1552,0.8622222222222222,0.9894877389797284,0.8159544998156119
cifar10_gist512,44,54882,real_quantile,1552,0.8622222222222222,0.9894877389797284,0.5995464378179309
cifar10_gist512,44,54882,random_quantile,1552,0.8622222222222222,0.9894877389797284,1.001240245556402
cifar10_gist512,44,54882,ordered_quantile,1552,0.8622222222222222,0.9894877389797284,0.4290973432662469
cifar10_gist512,45,4949,old_annuli,1562,0.8677777777777778,0.8967503759209227,0.9968569429788572
cifar10_gist512,45,4949,hamming_quantile,1562,0.8677777777777778,0.8967503759209227,0.8037042868171616
cifar10_gist512,45,4949,real_quantile,1562,0.8677777777777778,0.8967503759209227,0.716806209397425
cifar10_gist512,45,4949,random_quantile,1562,0.8677777777777778,0.8967503759209227,0.998812484908133
cifar10_gist512,45,4949,ordered_quantile,1562,0.8677777777777778,0.8967503759209227,0.2914725335614437
cifar10_gist512,46,24987,old_annuli,1481,0.8227777777777778,0.973240018171912,0.9912788456893012
cifar10_gist512,46,24987,hamming_quantile,1481,0.8227777777777778,0.973240018171912,0.840975939960631
cifar10_gist512,46,24987,real_quantile,1481,0.8227777777777778,0.973240018171912,0.7750676855824542
cifar10_gist512,46,24987,random_quantile,1481,0.8227777777777778,0.973240018171912,1.001058629381213
cifar10_gist512,46,24987,ordered_quantile,1481,0.8227777777777778,0.973240018171912,0.5766677332178582
cifar10_gist512,47,5024,old_annuli,1403,0.7794444444444445,0.9239597926975174,1.0197656731815656
cifar10_gist512,47,5024,hamming_quantile,1403,0.7794444444444445,0.9239597926975174,0.7534956340623079
cifar10_gist512,47,5024,real_quantile,1403,0.7794444444444445,0.9239597926975174,0.6892301706603687
cifar10_gist512,47,5024,random_quantile,1403,0.7794444444444445,0.9239597926975174,1.0097600518938326
cifar10_gist512,47,5024,ordered_quantile,1403,0.7794444444444445,0.9239597926975174,0.3464216016971188
cifar10_gist512,48,4066,old_annuli,1645,0.9138888888888888,0.9923124143330272,0.9794953078710524
cifar10_gist512,48,4066,hamming_quantile,1645,0.9138888888888888,0.9923124143330272,0.6812109188403759
cifar10_gist512,48,4066,real_quantile,1645,0.9138888888888888,0.9923124143330272,0.5877694911563321
cifar10_gist512,48,4066,random_quantile,1645,0.9138888888888888,0.9923124143330272,1.004037326573083
cifar10_gist512,48,4066,ordered_quantile,1645,0.9138888888888888,0.9923124143330272,0.2970978149894078
cifar10_gist512,49,15345,old_annuli,1534,0.8522222222222222,0.9910897847850088,0.998296553220873
cifar10_gist512,49,15345,hamming_quantile,1534,0.8522222222222222,0.9910897847850088,0.7787973694214524
cifar10_gist512,49,15345,real_quantile,1534,0.8522222222222222,0.9910897847850088,0.674203741030576
cifar10_gist512,49,15345,random_quantile,1534,0.8522222222222222,0.9910897847850088,1.0028686099256903
cifar10_gist512,49,15345,ordered_quantile,1534,0.8522222222222222,0.9910897847850088,0.2953151713154668
cifar10_gist512,50,16425,old_annuli,1424,0.7911111111111111,0.9979107070846472,0.8908674422033016
cifar10_gist512,50,16425,hamming_quantile,1424,0.7911111111111111,0.9979107070846472,0.8050877616229958
cifar10_gist512,50,16425,real_quantile,1424,0.7911111111111111,0.9979107070846472,0.7351563800149078
cifar10_gist512,50,16425,random_quantile,1424,0.7911111111111111,0.9979107070846472,1.0023685612720947
cifar10_gist512,50,16425,ordered_quantile,1424,0.7911111111111111,0.9979107070846472,0.7001318723183874
cifar10_gist512,51,17895,old_annuli,1496,0.8311111111111111,0.9923058497187168,0.998098307322526
cifar10_gist512,51,17895,hamming_quantile,1496,0.8311111111111111,0.9923058497187168,0.9417056399623064
cifar10_gist512,51,17895,real_quantile,1496,0.8311111111111111,0.9923058497187168,0.9092005125176328
cifar10_gist512,51,17895,random_quantile,1496,0.8311111111111111,0.9923058497187168,1.0008229680470655
cifar10_gist512,51,17895,ordered_quantile,1496,0.8311111111111111,0.9923058497187168,0.8211157724396387
cifar10_gist512,52,42962,old_annuli,1564,0.8688888888888889,0.952108080786388,0.998791033871706
cifar10_gist512,52,42962,hamming_quantile,1564,0.8688888888888889,0.952108080786388,0.9262291802325884
cifar10_gist512,52,42962,real_quantile,1564,0.8688888888888889,0.952108080786388,0.9183872997849788
cifar10_gist512,52,42962,random_quantile,1564,0.8688888888888889,0.952108080786388,0.9856680568377321
cifar10_gist512,52,42962,ordered_quantile,1564,0.8688888888888889,0.952108080786388,0.8728813435709664
cifar10_gist512,53,8723,old_annuli,1685,0.9361111111111112,0.9906998661260052,0.9978611898964286
cifar10_gist512,53,8723,hamming_quantile,1685,0.9361111111111112,0.9906998661260052,0.7307093218372458
cifar10_gist512,53,8723,real_quantile,1685,0.9361111111111112,0.9906998661260052,0.685536795301081
cifar10_gist512,53,8723,random_quantile,1685,0.9361111111111112,0.9906998661260052,1.0105990809408651
cifar10_gist512,53,8723,ordered_quantile,1685,0.9361111111111112,0.9906998661260052,0.4168395644277041
cifar10_gist512,54,57780,old_annuli,1634,0.9077777777777778,0.9636665012075422,0.9812046724920012
cifar10_gist512,54,57780,hamming_quantile,1634,0.9077777777777778,0.9636665012075422,0.8833321183129105
cifar10_gist512,54,57780,real_quantile,1634,0.9077777777777778,0.9636665012075422,0.764355707368404
cifar10_gist512,54,57780,random_quantile,1634,0.9077777777777778,0.9636665012075422,0.9986604981397781
cifar10_gist512,54,57780,ordered_quantile,1634,0.9077777777777778,0.9636665012075422,0.2842708978686866
cifar10_gist512,55,35565,old_annuli,1526,0.8477777777777777,0.9623749904624264,0.9909494610247824
cifar10_gist512,55,35565,hamming_quantile,1526,0.8477777777777777,0.9623749904624264,0.8097045464877911
cifar10_gist512,55,35565,real_quantile,1526,0.8477777777777777,0.9623749904624264,0.675411814716444
cifar10_gist512,55,35565,random_quantile,1526,0.8477777777777777,0.9623749904624264,1.0036100562287782
cifar10_gist512,55,35565,ordered_quantile,1526,0.8477777777777777,0.9623749904624264,0.2315153725726619
cifar10_gist512,56,29335,old_annuli,1661,0.9227777777777778,0.9562855666844232,0.9650670347537282
cifar10_gist512,56,29335,hamming_quantile,1661,0.9227777777777778,0.9562855666844232,0.8219408750051669
cifar10_gist512,56,29335,real_quantile,1661,0.9227777777777778,0.9562855666844232,0.6708788196767276
cifar10_gist512,56,29335,random_quantile,1661,0.9227777777777778,0.9562855666844232,1.0038646117805028
cifar10_gist512,56,29335,ordered_quantile,1661,0.9227777777777778,0.9562855666844232,0.1848180633750408
cifar10_gist512,57,45615,old_annuli,1522,0.8455555555555555,0.9966364455924728,1.0180948210234793
cifar10_gist512,57,45615,hamming_quantile,1522,0.8455555555555555,0.9966364455924728,0.9768318795557568
cifar10_gist512,57,45615,real_quantile,1522,0.8455555555555555,0.9966364455924728,0.9591300220042684
cifar10_gist512,57,45615,random_quantile,1522,0.8455555555555555,0.9966364455924728,1.026019297059531
cifar10_gist512,57,45615,ordered_quantile,1522,0.8455555555555555,0.9966364455924728,0.8385297551702942
cifar10_gist512,58,23543,old_annuli,1428,0.7933333333333333,0.983457429436618,0.9540424886384498
cifar10_gist512,58,23543,hamming_quantile,1428,0.7933333333333333,0.983457429436618,0.7953908474322201
cifar10_gist512,58,23543,real_quantile,1428,0.7933333333333333,0.983457429436618,0.7167690359452877
cifar10_gist512,58,23543,random_quantile,1428,0.7933333333333333,0.983457429436618,1.000613078046149
cifar10_gist512,58,23543,ordered_quantile,1428,0.7933333333333333,0.983457429436618,0.3225392409623792
cifar10_gist512,59,25124,old_annuli,1633,0.9072222222222224,0.999603002063468,0.979240242638572
cifar10_gist512,59,25124,hamming_quantile,1633,0.9072222222222224,0.999603002063468,0.7419721200002906
cifar10_gist512,59,25124,real_quantile,1633,0.9072222222222224,0.999603002063468,0.605192873729445
cifar10_gist512,59,25124,random_quantile,1633,0.9072222222222224,0.999603002063468,1.0000707238318576
cifar10_gist512,59,25124,ordered_quantile,1633,0.9072222222222224,0.999603002063468,0.5195457017390737
cifar10_gist512,60,45843,old_annuli,1397,0.7761111111111111,0.9971293276494873,0.9074481528575286
cifar10_gist512,60,45843,hamming_quantile,1397,0.7761111111111111,0.9971293276494873,0.891814715611225
cifar10_gist512,60,45843,real_quantile,1397,0.7761111111111111,0.9971293276494873,0.8631199610395306
cifar10_gist512,60,45843,random_quantile,1397,0.7761111111111111,0.9971293276494873,1.0038770771841148
cifar10_gist512,60,45843,ordered_quantile,1397,0.7761111111111111,0.9971293276494873,0.754271380619595
cifar10_gist512,61,58681,old_annuli,1418,0.7877777777777778,0.9878669341494114,0.9031050859512444
cifar10_gist512,61,58681,hamming_quantile,1418,0.7877777777777778,0.9878669341494114,0.7045819245064345
cifar10_gist512,61,58681,real_quantile,1418,0.7877777777777778,0.9878669341494114,0.5276067923996367
cifar10_gist512,61,58681,random_quantile,1418,0.7877777777777778,0.9878669341494114,1.001297238382412
cifar10_gist512,61,58681,ordered_quantile,1418,0.7877777777777778,0.9878669341494114,0.3098682450638856
cifar10_gist512,62,9928,old_annuli,1722,0.9566666666666668,0.9937758043488732,0.958248282716304
cifar10_gist512,62,9928,hamming_quantile,1722,0.9566666666666668,0.9937758043488732,0.7152020424059773
cifar10_gist512,62,9928,real_quantile,1722,0.9566666666666668,0.9937758043488732,0.5881378146650023
cifar10_gist512,62,9928,random_quantile,1722,0.9566666666666668,0.9937758043488732,1.0010499621672897
cifar10_gist512,62,9928,ordered_quantile,1722,0.9566666666666668,0.9937758043488732,0.2723747705542081
cifar10_gist512,63,29920,old_annuli,1651,0.9172222222222224,0.9893063199296096,1.0061710224910865
cifar10_gist512,63,29920,hamming_quantile,1651,0.9172222222222224,0.9893063199296096,0.7720786125757535
cifar10_gist512,63,29920,real_quantile,1651,0.9172222222222224,0.9893063199296096,0.6840182376484581
cifar10_gist512,63,29920,random_quantile,1651,0.9172222222222224,0.9893063199296096,1.0005759646694095
cifar10_gist512,63,29920,ordered_quantile,1651,0.9172222222222224,0.9893063199296096,0.4156389842248617
cifar10_gist512,64,25810,old_annuli,1616,0.8977777777777778,0.987481716648072,1.0020531360206464
cifar10_gist512,64,25810,hamming_quantile,1616,0.8977777777777778,0.987481716648072,0.72721679633495
cifar10_gist512,64,25810,real_quantile,1616,0.8977777777777778,0.987481716648072,0.6416704810887931
cifar10_gist512,64,25810,random_quantile,1616,0.8977777777777778,0.987481716648072,0.9997831761376208
cifar10_gist512,64,25810,ordered_quantile,1616,0.8977777777777778,0.987481716648072,0.3726059286611078
cifar10_gist512,65,3019,old_annuli,1550,0.8611111111111112,0.9917242970105028,0.9778864421189308
cifar10_gist512,65,3019,hamming_quantile,1550,0.8611111111111112,0.9917242970105028,0.7686538225884755
cifar10_gist512,65,3019,real_quantile,1550,0.8611111111111112,0.9917242970105028,0.4894528316380138
cifar10_gist512,65,3019,random_quantile,1550,0.8611111111111112,0.9917242970105028,0.9953278483758788
cifar10_gist512,65,3019,ordered_quantile,1550,0.8611111111111112,0.9917242970105028,0.3387594581281474
cifar10_gist512,66,337,old_annuli,1753,0.9738888888888888,0.9907233307886816,0.9736975104583556
cifar10_gist512,66,337,hamming_quantile,1753,0.9738888888888888,0.9907233307886816,0.8102801179429254
cifar10_gist512,66,337,real_quantile,1753,0.9738888888888888,0.9907233307886816,0.6522421688550732
cifar10_gist512,66,337,random_quantile,1753,0.9738888888888888,0.9907233307886816,1.0006660079260974
cifar10_gist512,66,337,ordered_quantile,1753,0.9738888888888888,0.9907233307886816,0.3175148001154975
cifar10_gist512,67,16801,old_annuli,1243,0.6905555555555556,0.9996075000089374,0.8015929401918848
cifar10_gist512,67,16801,hamming_quantile,1243,0.6905555555555556,0.9996075000089374,0.5773309229123111
cifar10_gist512,67,16801,real_quantile,1243,0.6905555555555556,0.9996075000089374,0.5387536797383965
cifar10_gist512,67,16801,random_quantile,1243,0.6905555555555556,0.9996075000089374,0.9970749923973612
cifar10_gist512,67,16801,ordered_quantile,1243,0.6905555555555556,0.9996075000089374,0.5214087831285863
cifar10_gist512,68,10672,old_annuli,1746,0.97,0.993380648589097,0.9683952036908294
cifar10_gist512,68,10672,hamming_quantile,1746,0.97,0.993380648589097,0.7899264896493075
cifar10_gist512,68,10672,real_quantile,1746,0.97,0.993380648589097,0.6715989014531538
cifar10_gist512,68,10672,random_quantile,1746,0.97,0.993380648589097,0.9966720360793044
cifar10_gist512,68,10672,ordered_quantile,1746,0.97,0.993380648589097,0.2795993820167571
cifar10_gist512,69,6586,old_annuli,1505,0.8361111111111111,0.9745749178328936,0.9714908990364678
cifar10_gist512,69,6586,hamming_quantile,1505,0.8361111111111111,0.9745749178328936,0.841676152618981
cifar10_gist512,69,6586,real_quantile,1505,0.8361111111111111,0.9745749178328936,0.7456629528869326
cifar10_gist512,69,6586,random_quantile,1505,0.8361111111111111,0.9745749178328936,0.9944848614994711
cifar10_gist512,69,6586,ordered_quantile,1505,0.8361111111111111,0.9745749178328936,0.330539610408527
cifar10_gist512,70,7023,old_annuli,1665,0.925,0.9700539980716198,0.9943556926477054
cifar10_gist512,70,7023,hamming_quantile,1665,0.925,0.9700539980716198,0.7802409686887539
cifar10_gist512,70,7023,real_quantile,1665,0.925,0.9700539980716198,0.681022923995075
cifar10_gist512,70,7023,random_quantile,1665,0.925,0.9700539980716198,1.0024928738463923
cifar10_gist512,70,7023,ordered_quantile,1665,0.925,0.9700539980716198,0.2423498165032916
cifar10_gist512,71,46306,old_annuli,1678,0.9322222222222222,0.966450780378726,0.9684202776296424
cifar10_gist512,71,46306,hamming_quantile,1678,0.9322222222222222,0.966450780378726,0.8285194160742215
cifar10_gist512,71,46306,real_quantile,1678,0.9322222222222222,0.966450780378726,0.7377162725936375
cifar10_gist512,71,46306,random_quantile,1678,0.9322222222222222,0.966450780378726,0.9995698137629534
cifar10_gist512,71,46306,ordered_quantile,1678,0.9322222222222222,0.966450780378726,0.3070522159656578
cifar10_gist512,72,10395,old_annuli,1595,0.8861111111111111,0.9971598717351546,1.0295842600742595
cifar10_gist512,72,10395,hamming_quantile,1595,0.8861111111111111,0.9971598717351546,0.7285603400565811
cifar10_gist512,72,10395,real_quantile,1595,0.8861111111111111,0.9971598717351546,0.613634962026099
cifar10_gist512,72,10395,random_quantile,1595,0.8861111111111111,0.9971598717351546,1.0063336278485118
cifar10_gist512,72,10395,ordered_quantile,1595,0.8861111111111111,0.9971598717351546,0.5065231274180582
cifar10_gist512,73,28026,old_annuli,1533,0.8516666666666667,0.9712185975539328,1.0219642703739065
cifar10_gist512,73,28026,hamming_quantile,1533,0.8516666666666667,0.9712185975539328,0.9156232312474272
cifar10_gist512,73,28026,real_quantile,1533,0.8516666666666667,0.9712185975539328,0.9121516180000668
cifar10_gist512,73,28026,random_quantile,1533,0.8516666666666667,0.9712185975539328,1.049669464864234
cifar10_gist512,73,28026,ordered_quantile,1533,0.8516666666666667,0.9712185975539328,0.8658272190003955
cifar10_gist512,74,13637,old_annuli,1487,0.8261111111111111,0.9915631010466776,0.9655528463323996
cifar10_gist512,74,13637,hamming_quantile,1487,0.8261111111111111,0.9915631010466776,0.8592714105416317
cifar10_gist512,74,13637,real_quantile,1487,0.8261111111111111,0.9915631010466776,0.7896232859731473
cifar10_gist512,74,13637,random_quantile,1487,0.8261111111111111,0.9915631010466776,0.9992648725139773
cifar10_gist512,74,13637,ordered_quantile,1487,0.8261111111111111,0.9915631010466776,0.4475804249008832
cifar10_gist512,75,23822,old_annuli,1557,0.865,0.9972897343348874,0.9281394814998464
cifar10_gist512,75,23822,hamming_quantile,1557,0.865,0.9972897343348874,0.5312497108829344
cifar10_gist512,75,23822,real_quantile,1557,0.865,0.9972897343348874,0.41708762875846
cifar10_gist512,75,23822,random_quantile,1557,0.865,0.9972897343348874,1.0021176417280657
cifar10_gist512,75,23822,ordered_quantile,1557,0.865,0.9972897343348874,0.2831771506423272
cifar10_gist512,76,41633,old_annuli,1731,0.9616666666666668,0.9910462844055908,1.0007818135716269
cifar10_gist512,76,41633,hamming_quantile,1731,0.9616666666666668,0.9910462844055908,0.762272616218789
cifar10_gist512,76,41633,real_quantile,1731,0.9616666666666668,0.9910462844055908,0.6267127825126699
cifar10_gist512,76,41633,random_quantile,1731,0.9616666666666668,0.9910462844055908,1.005094149744313
cifar10_gist512,76,41633,ordered_quantile,1731,0.9616666666666668,0.9910462844055908,0.2419250985054913
cifar10_gist512,77,58634,old_annuli,1647,0.915,0.987607931182852,1.0009509168261017
cifar10_gist512,77,58634,hamming_quantile,1647,0.915,0.987607931182852,0.8368325072797095
cifar10_gist512,77,58634,real_quantile,1647,0.915,0.987607931182852,0.7795916037956716
cifar10_gist512,77,58634,random_quantile,1647,0.915,0.987607931182852,1.002792197457296
cifar10_gist512,77,58634,ordered_quantile,1647,0.915,0.987607931182852,0.6689725108783882
cifar10_gist512,78,11290,old_annuli,1779,0.9883333333333332,0.9967076794756444,0.9816628193859698
cifar10_gist512,78,11290,hamming_quantile,1779,0.9883333333333332,0.9967076794756444,0.7878006386101807
cifar10_gist512,78,11290,real_quantile,1779,0.9883333333333332,0.9967076794756444,0.618669744886747
cifar10_gist512,78,11290,random_quantile,1779,0.9883333333333332,0.9967076794756444,1.006901786304056
cifar10_gist512,78,11290,ordered_quantile,1779,0.9883333333333332,0.9967076794756444,0.3290844367037993
cifar10_gist512,79,40075,old_annuli,1523,0.8461111111111111,0.9580904364721372,0.9927374291850972
cifar10_gist512,79,40075,hamming_quantile,1523,0.8461111111111111,0.9580904364721372,0.8652036818738883
cifar10_gist512,79,40075,real_quantile,1523,0.8461111111111111,0.9580904364721372,0.8121788960067043
cifar10_gist512,79,40075,random_quantile,1523,0.8461111111111111,0.9580904364721372,1.0031624654914673
cifar10_gist512,79,40075,ordered_quantile,1523,0.8461111111111111,0.9580904364721372,0.486782054405438
amazon,0,258,old_annuli,687,0.9541666666666668,0.9087534517223472,0.3163008634642154
amazon,0,258,hamming_quantile,687,0.9541666666666668,0.9087534517223472,0.2510828569658044
amazon,0,258,real_quantile,687,0.9541666666666668,0.9087534517223472,0.383761853038142
amazon,0,258,random_quantile,687,0.9541666666666668,0.9087534517223472,0.9996847817515342
amazon,0,258,ordered_quantile,687,0.9541666666666668,0.9087534517223472,0.1679949174583533
amazon,1,759,old_annuli,720,1.0,1.0,0.4612793284243078
amazon,1,759,hamming_quantile,720,1.0,1.0,0.2887341904032647
amazon,1,759,real_quantile,720,1.0,1.0,0.446992368700102
amazon,1,759,random_quantile,720,1.0,1.0,1.001976953906425
amazon,1,759,ordered_quantile,720,1.0,1.0,0.2598153820957729
amazon,2,1459,old_annuli,695,0.9652777777777778,0.9509977110135134,0.3289350970837925
amazon,2,1459,hamming_quantile,695,0.9652777777777778,0.9509977110135134,0.2017429768548408
amazon,2,1459,real_quantile,695,0.9652777777777778,0.9509977110135134,0.4393347257797746
amazon,2,1459,random_quantile,695,0.9652777777777778,0.9509977110135134,1.0046257034539927
amazon,2,1459,ordered_quantile,695,0.9652777777777778,0.9509977110135134,0.1282467614338056
amazon,3,213,old_annuli,716,0.9944444444444444,0.9999792191979294,0.993250287715174
amazon,3,213,hamming_quantile,716,0.9944444444444444,0.9999792191979294,0.9345085349047232
amazon,3,213,real_quantile,716,0.9944444444444444,0.9999792191979294,0.9345670858152754
amazon,3,213,random_quantile,716,0.9944444444444444,0.9999792191979294,0.9626077764439118
amazon,3,213,ordered_quantile,716,0.9944444444444444,0.9999792191979294,0.934498298675126
amazon,4,790,old_annuli,720,1.0,1.0,0.3810400763665653
amazon,4,790,hamming_quantile,720,1.0,1.0,0.2386908365480602
amazon,4,790,real_quantile,720,1.0,1.0,0.5611385398132158
amazon,4,790,random_quantile,720,1.0,1.0,1.0014074703720832
amazon,4,790,ordered_quantile,720,1.0,1.0,0.1614376300787161
amazon,5,6,old_annuli,720,1.0,1.0,0.9382256522238192
amazon,5,6,hamming_quantile,720,1.0,1.0,0.3317243457906941
amazon,5,6,real_quantile,720,1.0,1.0,0.4249360936544568
amazon,5,6,random_quantile,720,1.0,1.0,0.9995004005643157
amazon,5,6,ordered_quantile,720,1.0,1.0,0.3130570423083798
amazon,6,492,old_annuli,719,0.9986111111111112,0.9994579229317404,0.2758283574901065
amazon,6,492,hamming_quantile,719,0.9986111111111112,0.9994579229317404,0.2606963163717354
amazon,6,492,real_quantile,719,0.9986111111111112,0.9994579229317404,0.3231865166482107
amazon,6,492,random_quantile,719,0.9986111111111112,0.9994579229317404,1.0027151137682107
amazon,6,492,ordered_quantile,719,0.9986111111111112,0.9994579229317404,0.2072815612002567
amazon,7,710,old_annuli,720,1.0,1.0,0.838028952784565
amazon,7,710,hamming_quantile,720,1.0,1.0,0.3392164492408132
amazon,7,710,real_quantile,720,1.0,1.0,0.3825858134033635
amazon,7,710,random_quantile,720,1.0,1.0,0.9986782178895812
amazon,7,710,ordered_quantile,720,1.0,1.0,0.3091664302781031
amazon,8,438,old_annuli,682,0.9472222222222222,0.9126085109351428,0.2029604354308599
amazon,8,438,hamming_quantile,682,0.9472222222222222,0.9126085109351428,0.2032389552619208
amazon,8,438,real_quantile,682,0.9472222222222222,0.9126085109351428,0.3332111372631766
amazon,8,438,random_quantile,682,0.9472222222222222,0.9126085109351428,1.0025880687095194
amazon,8,438,ordered_quantile,682,0.9472222222222222,0.9126085109351428,0.1083011163987399
amazon,9,599,old_annuli,668,0.9277777777777778,0.8547872852066994,0.2610056208332254
amazon,9,599,hamming_quantile,668,0.9277777777777778,0.8547872852066994,0.262344331671248
amazon,9,599,real_quantile,668,0.9277777777777778,0.8547872852066994,0.440667619565628
amazon,9,599,random_quantile,668,0.9277777777777778,0.8547872852066994,1.0063255230175263
amazon,9,599,ordered_quantile,668,0.9277777777777778,0.8547872852066994,0.1412272934815003
amazon,10,641,old_annuli,617,0.8569444444444444,0.7011569712511414,0.4054011532242857
amazon,10,641,hamming_quantile,617,0.8569444444444444,0.7011569712511414,0.3555289503047905
amazon,10,641,real_quantile,617,0.8569444444444444,0.7011569712511414,0.4840716921294339
amazon,10,641,random_quantile,617,0.8569444444444444,0.7011569712511414,0.9979723045179574
amazon,10,641,ordered_quantile,617,0.8569444444444444,0.7011569712511414,0.1674929819212089
amazon,11,1040,old_annuli,680,0.9444444444444444,0.9042435418579822,0.3020870878918696
amazon,11,1040,hamming_quantile,680,0.9444444444444444,0.9042435418579822,0.2733590981036991
amazon,11,1040,real_quantile,680,0.9444444444444444,0.9042435418579822,0.5630258207437672
amazon,11,1040,random_quantile,680,0.9444444444444444,0.9042435418579822,0.9994670718663381
amazon,11,1040,ordered_quantile,680,0.9444444444444444,0.9042435418579822,0.0799947448502476
amazon,12,967,old_annuli,720,1.0,1.0,0.8828264234799246
amazon,12,967,hamming_quantile,720,1.0,1.0,0.4172951827510355
amazon,12,967,real_quantile,720,1.0,1.0,0.4381480782406292
amazon,12,967,random_quantile,720,1.0,1.0,1.0025018785114306
amazon,12,967,ordered_quantile,720,1.0,1.0,0.4031365980652487
amazon,13,596,old_annuli,645,0.8958333333333334,0.7803469029832832,0.3153995648858013
amazon,13,596,hamming_quantile,645,0.8958333333333334,0.7803469029832832,0.2704191109390506
amazon,13,596,real_quantile,645,0.8958333333333334,0.7803469029832832,0.5000097460505398
amazon,13,596,random_quantile,645,0.8958333333333334,0.7803469029832832,0.9989534261011619
amazon,13,596,ordered_quantile,645,0.8958333333333334,0.7803469029832832,0.1573536966607418
amazon,14,634,old_annuli,649,0.9013888888888888,0.7820267737134462,0.352605730874726
amazon,14,634,hamming_quantile,649,0.9013888888888888,0.7820267737134462,0.3153179755230637
amazon,14,634,real_quantile,649,0.9013888888888888,0.7820267737134462,0.4126616073677266
amazon,14,634,random_quantile,649,0.9013888888888888,0.7820267737134462,1.0036214633119078
amazon,14,634,ordered_quantile,649,0.9013888888888888,0.7820267737134462,0.1220998250867431
amazon,15,331,old_annuli,720,1.0,1.0,0.3524826539166882
amazon,15,331,hamming_quantile,720,1.0,1.0,0.2686045190004987
amazon,15,331,real_quantile,720,1.0,1.0,0.5380872591585851
amazon,15,331,random_quantile,720,1.0,1.0,1.0005048976366457
amazon,15,331,ordered_quantile,720,1.0,1.0,0.2091959272654358
amazon,16,1002,old_annuli,720,1.0,1.0,0.9754911201888218
amazon,16,1002,hamming_quantile,720,1.0,1.0,0.2847521163734618
amazon,16,1002,real_quantile,720,1.0,1.0,0.3870436312173751
amazon,16,1002,random_quantile,720,1.0,1.0,0.9994238340997275
amazon,16,1002,ordered_quantile,720,1.0,1.0,0.2504071923270653
amazon,17,1374,old_annuli,634,0.8805555555555555,0.7763943282007986,0.3431679350164319
amazon,17,1374,hamming_quantile,634,0.8805555555555555,0.7763943282007986,0.3101330387382901
amazon,17,1374,real_quantile,634,0.8805555555555555,0.7763943282007986,0.4940782423652496
amazon,17,1374,random_quantile,634,0.8805555555555555,0.7763943282007986,1.0027800048696478
amazon,17,1374,ordered_quantile,634,0.8805555555555555,0.7763943282007986,0.0953940485238596
amazon,18,1424,old_annuli,720,1.0,1.0,0.9288033509756296
amazon,18,1424,hamming_quantile,720,1.0,1.0,0.3678082438536471
amazon,18,1424,real_quantile,720,1.0,1.0,0.3892987221129991
amazon,18,1424,random_quantile,720,1.0,1.0,0.9995606867553761
amazon,18,1424,ordered_quantile,720,1.0,1.0,0.33993545392396
amazon,19,478,old_annuli,720,1.0,1.0,0.8164185442244279
amazon,19,478,hamming_quantile,720,1.0,1.0,0.3422359691886342
amazon,19,478,real_quantile,720,1.0,1.0,0.4428616076765113
amazon,19,478,random_quantile,720,1.0,1.0,0.9975021230378707
amazon,19,478,ordered_quantile,720,1.0,1.0,0.3150076818688269
amazon,20,655,old_annuli,720,1.0,1.0,0.8486541310187419
amazon,20,655,hamming_quantile,720,1.0,1.0,0.3419272844700898
amazon,20,655,real_quantile,720,1.0,1.0,0.369910772641081
amazon,20,655,random_quantile,720,1.0,1.0,1.0034417121862098
amazon,20,655,ordered_quantile,720,1.0,1.0,0.3196577435147216
amazon,21,1164,old_annuli,720,1.0,1.0,0.2586747593540084
amazon,21,1164,hamming_quantile,720,1.0,1.0,0.2867329359527891
amazon,21,1164,real_quantile,720,1.0,1.0,0.574236504824831
amazon,21,1164,random_quantile,720,1.0,1.0,1.0024230065031687
amazon,21,1164,ordered_quantile,720,1.0,1.0,0.230473523157375
amazon,22,1441,old_annuli,641,0.8902777777777777,0.792507590453381,0.3041654715779346
amazon,22,1441,hamming_quantile,641,0.8902777777777777,0.792507590453381,0.314155988785759
amazon,22,1441,real_quantile,641,0.8902777777777777,0.792507590453381,0.5952735577085329
amazon,22,1441,random_quantile,641,0.8902777777777777,0.792507590453381,1.0020527700563018
amazon,22,1441,ordered_quantile,641,0.8902777777777777,0.792507590453381,0.1185908100036215
amazon,23,180,old_annuli,679,0.9430555555555556,0.884482084086509,0.326382544882392
amazon,23,180,hamming_quantile,679,0.9430555555555556,0.884482084086509,0.2168071571367427
amazon,23,180,real_quantile,679,0.9430555555555556,0.884482084086509,0.4734694630205148
amazon,23,180,random_quantile,679,0.9430555555555556,0.884482084086509,0.9989602887094031
amazon,23,180,ordered_quantile,679,0.9430555555555556,0.884482084086509,0.1227144508224969
amazon,24,1360,old_annuli,720,1.0,1.0,0.4778096607502489
amazon,24,1360,hamming_quantile,720,1.0,1.0,0.2386765108310924
amazon,24,1360,real_quantile,720,1.0,1.0,0.4103078688768751
amazon,24,1360,random_quantile,720,1.0,1.0,1.0009076076241867
amazon,24,1360,ordered_quantile,720,1.0,1.0,0.2092121848275368
amazon,25,463,old_annuli,720,1.0,1.0,0.3235694822269866
amazon,25,463,hamming_quantile,720,1.0,1.0,0.2850437740376055
amazon,25,463,real_quantile,720,1.0,1.0,0.4255573084973317
amazon,25,463,random_quantile,720,1.0,1.0,0.9952289604661655
amazon,25,463,ordered_quantile,720,1.0,1.0,0.2306891444969698
amazon,26,148,old_annuli,720,1.0,1.0,0.8849206535278138
amazon,26,148,hamming_quantile,720,1.0,1.0,0.4382329549505314
amazon,26,148,real_quantile,720,1.0,1.0,0.4530237617299575
amazon,26,148,random_quantile,720,1.0,1.0,1.0002429241612205
amazon,26,148,ordered_quantile,720,1.0,1.0,0.4245773029151307
amazon,27,1455,old_annuli,696,0.9666666666666668,0.9456618797882592,0.4121242372168365
amazon,27,1455,hamming_quantile,696,0.9666666666666668,0.9456618797882592,0.250271973194436
amazon,27,1455,real_quantile,696,0.9666666666666668,0.9456618797882592,0.509063720188561
amazon,27,1455,random_quantile,696,0.9666666666666668,0.9456618797882592,1.001740159704212
amazon,27,1455,ordered_quantile,696,0.9666666666666668,0.9456618797882592,0.1645815597184315
amazon,28,1072,old_annuli,720,1.0,1.0,0.7797649813750026
amazon,28,1072,hamming_quantile,720,1.0,1.0,0.2941003901097304
amazon,28,1072,real_quantile,720,1.0,1.0,0.4735780041495094
amazon,28,1072,random_quantile,720,1.0,1.0,1.0034322134533813
amazon,28,1072,ordered_quantile,720,1.0,1.0,0.2648018546040426
amazon,29,351,old_annuli,720,1.0,1.0,0.3240261957162083
amazon,29,351,hamming_quantile,720,1.0,1.0,0.2322599219339731
amazon,29,351,real_quantile,720,1.0,1.0,0.4115800991013074
amazon,29,351,random_quantile,720,1.0,1.0,1.001606166392238
amazon,29,351,ordered_quantile,720,1.0,1.0,0.1818095454905408
amazon,30,1006,old_annuli,720,1.0,1.0,0.9743034023100176
amazon,30,1006,hamming_quantile,720,1.0,1.0,0.3118818244130157
amazon,30,1006,real_quantile,720,1.0,1.0,0.4371968281331869
amazon,30,1006,random_quantile,720,1.0,1.0,1.002693408113287
amazon,30,1006,ordered_quantile,720,1.0,1.0,0.2777722989959352
amazon,31,455,old_annuli,720,1.0,1.0,0.88153493919997
amazon,31,455,hamming_quantile,720,1.0,1.0,0.4239099838225363
amazon,31,455,real_quantile,720,1.0,1.0,0.4565822557275655
amazon,31,455,random_quantile,720,1.0,1.0,0.998130323265076
amazon,31,455,ordered_quantile,720,1.0,1.0,0.4047981753609499
amazon,32,615,old_annuli,632,0.8777777777777778,0.7523064108031517,0.2894171333071548
amazon,32,615,hamming_quantile,632,0.8777777777777778,0.7523064108031517,0.3351826537099459
amazon,32,615,real_quantile,632,0.8777777777777778,0.7523064108031517,0.647200042754597
amazon,32,615,random_quantile,632,0.8777777777777778,0.7523064108031517,1.0021841305083234
amazon,32,615,ordered_quantile,632,0.8777777777777778,0.7523064108031517,0.1780822913295703
amazon,33,842,old_annuli,630,0.875,0.7062643416316624,0.2661118645681765
amazon,33,842,hamming_quantile,630,0.875,0.7062643416316624,0.2653840624165432
amazon,33,842,real_quantile,630,0.875,0.7062643416316624,0.5172391729061994
amazon,33,842,random_quantile,630,0.875,0.7062643416316624,0.999461257335738
amazon,33,842,ordered_quantile,630,0.875,0.7062643416316624,0.1748151753006893
amazon,34,873,old_annuli,720,1.0,1.0,0.4490868482918744
amazon,34,873,hamming_quantile,720,1.0,1.0,0.2884378224599163
amazon,34,873,real_quantile,720,1.0,1.0,0.345162416189825
amazon,34,873,random_quantile,720,1.0,1.0,0.9977962832995988
amazon,34,873,ordered_quantile,720,1.0,1.0,0.246063477004312
amazon,35,903,old_annuli,632,0.8777777777777778,0.7369327697620844,0.2716074226330537
amazon,35,903,hamming_quantile,632,0.8777777777777778,0.7369327697620844,0.3430727460960116
amazon,35,903,real_quantile,632,0.8777777777777778,0.7369327697620844,0.5206103612716022
amazon,35,903,random_quantile,632,0.8777777777777778,0.7369327697620844,1.0012660127445012
amazon,35,903,ordered_quantile,632,0.8777777777777778,0.7369327697620844,0.1820653374475793
amazon,36,1273,old_annuli,610,0.8472222222222222,0.6742579312820636,0.4190000035889775
amazon,36,1273,hamming_quantile,610,0.8472222222222222,0.6742579312820636,0.3521434846342376
amazon,36,1273,real_quantile,610,0.8472222222222222,0.6742579312820636,0.4527985988785756
amazon,36,1273,random_quantile,610,0.8472222222222222,0.6742579312820636,0.9959194250800776
amazon,36,1273,ordered_quantile,610,0.8472222222222222,0.6742579312820636,0.156659846766503
amazon,37,1214,old_annuli,613,0.8513888888888889,0.5886679560163508,0.3134931696707641
amazon,37,1214,hamming_quantile,613,0.8513888888888889,0.5886679560163508,0.3822235206698736
amazon,37,1214,real_quantile,613,0.8513888888888889,0.5886679560163508,0.5513242838042591
amazon,37,1214,random_quantile,613,0.8513888888888889,0.5886679560163508,0.997666353668167
amazon,37,1214,ordered_quantile,613,0.8513888888888889,0.5886679560163508,0.2414251776459202
amazon,38,484,old_annuli,627,0.8708333333333333,0.6757075458201224,0.3052829642317025
amazon,38,484,hamming_quantile,627,0.8708333333333333,0.6757075458201224,0.3056612803728557
amazon,38,484,real_quantile,627,0.8708333333333333,0.6757075458201224,0.5339191108201528
amazon,38,484,random_quantile,627,0.8708333333333333,0.6757075458201224,1.0096360614419926
amazon,38,484,ordered_quantile,627,0.8708333333333333,0.6757075458201224,0.1587362596584157
amazon,39,726,old_annuli,651,0.9041666666666668,0.7371691665985273,0.2996665791910687
amazon,39,726,hamming_quantile,651,0.9041666666666668,0.7371691665985273,0.3177606193352512
amazon,39,726,real_quantile,651,0.9041666666666668,0.7371691665985273,0.5740257053725624
amazon,39,726,random_quantile,651,0.9041666666666668,0.7371691665985273,1.0067623773322356
amazon,39,726,ordered_quantile,651,0.9041666666666668,0.7371691665985273,0.2255916895849361
amazon,40,733,old_annuli,720,1.0,1.0,0.4509028845447066
amazon,40,733,hamming_quantile,720,1.0,1.0,0.2852362072597998
amazon,40,733,real_quantile,720,1.0,1.0,0.4470503185694774
amazon,40,733,random_quantile,720,1.0,1.0,0.9973619394123251
amazon,40,733,ordered_quantile,720,1.0,1.0,0.2574387823582006
amazon,41,325,old_annuli,683,0.9486111111111112,0.8879653226934837,0.2290910904882519
amazon,41,325,hamming_quantile,683,0.9486111111111112,0.8879653226934837,0.2609101367164169
amazon,41,325,real_quantile,683,0.9486111111111112,0.8879653226934837,0.499196001789888
amazon,41,325,random_quantile,683,0.9486111111111112,0.8879653226934837,1.0042500493273283
amazon,41,325,ordered_quantile,683,0.9486111111111112,0.8879653226934837,0.1841196345779939
amazon,42,348,old_annuli,720,1.0,1.0,0.5225264345952756
amazon,42,348,hamming_quantile,720,1.0,1.0,0.4894701353359676
amazon,42,348,real_quantile,720,1.0,1.0,0.4989417716580567
amazon,42,348,random_quantile,720,1.0,1.0,1.0036275392127973
amazon,42,348,ordered_quantile,720,1.0,1.0,0.4831383713313701
amazon,43,1465,old_annuli,629,0.8736111111111111,0.7379552365407689,0.2642299641585673
amazon,43,1465,hamming_quantile,629,0.8736111111111111,0.7379552365407689,0.222717212115758
amazon,43,1465,real_quantile,629,0.8736111111111111,0.7379552365407689,0.4737554495902601
amazon,43,1465,random_quantile,629,0.8736111111111111,0.7379552365407689,1.0081728294734666
amazon,43,1465,ordered_quantile,629,0.8736111111111111,0.7379552365407689,0.1196416067292431
amazon,44,1405,old_annuli,708,0.9833333333333332,0.9574313596780076,0.3275799891069507
amazon,44,1405,hamming_quantile,708,0.9833333333333332,0.9574313596780076,0.2260142511395482
amazon,44,1405,real_quantile,708,0.9833333333333332,0.9574313596780076,0.4006689753383854
amazon,44,1405,random_quantile,708,0.9833333333333332,0.9574313596780076,0.9967316963327646
amazon,44,1405,ordered_quantile,708,0.9833333333333332,0.9574313596780076,0.1394855048918378
amazon,45,297,old_annuli,720,1.0,1.0,0.66390991069521
amazon,45,297,hamming_quantile,720,1.0,1.0,0.4721857754235197
amazon,45,297,real_quantile,720,1.0,1.0,0.4834349819597781
amazon,45,297,random_quantile,720,1.0,1.0,0.9999517281310212
amazon,45,297,ordered_quantile,720,1.0,1.0,0.4611246724177484
amazon,46,1196,old_annuli,720,1.0,1.0,0.7604512422307909
amazon,46,1196,hamming_quantile,720,1.0,1.0,0.2950639030153579
amazon,46,1196,real_quantile,720,1.0,1.0,0.4302294332366423
amazon,46,1196,random_quantile,720,1.0,1.0,0.999141809657335
amazon,46,1196,ordered_quantile,720,1.0,1.0,0.2550033398975572
amazon,47,1244,old_annuli,641,0.8902777777777777,0.7328042103828001,0.2891660002231348
amazon,47,1244,hamming_quantile,641,0.8902777777777777,0.7328042103828001,0.2608852963597939
amazon,47,1244,real_quantile,641,0.8902777777777777,0.7328042103828001,0.55021290198199
amazon,47,1244,random_quantile,641,0.8902777777777777,0.7328042103828001,1.0029918103266566
amazon,47,1244,ordered_quantile,641,0.8902777777777777,0.7328042103828001,0.136963002501498
amazon,48,121,old_annuli,720,1.0,1.0,0.8561587304344594
amazon,48,121,hamming_quantile,720,1.0,1.0,0.3002150170781405
amazon,48,121,real_quantile,720,1.0,1.0,0.3978009737719276
amazon,48,121,random_quantile,720,1.0,1.0,0.9983555858774162
amazon,48,121,ordered_quantile,720,1.0,1.0,0.2585485148981616
amazon,49,138,old_annuli,720,1.0,1.0,0.6734565014482434
amazon,49,138,hamming_quantile,720,1.0,1.0,0.447808513752618
amazon,49,138,real_quantile,720,1.0,1.0,0.4606709237964462
amazon,49,138,random_quantile,720,1.0,1.0,1.0002777749060823
amazon,49,138,ordered_quantile,720,1.0,1.0,0.4345651347311413
amazon,50,1220,old_annuli,720,1.0,1.0,0.8057976821279734
amazon,50,1220,hamming_quantile,720,1.0,1.0,0.2937904969887842
amazon,50,1220,real_quantile,720,1.0,1.0,0.3014366644190676
amazon,50,1220,random_quantile,720,1.0,1.0,1.0012225229758636
amazon,50,1220,ordered_quantile,720,1.0,1.0,0.2584842918504173
amazon,51,1480,old_annuli,718,0.9972222222222222,0.989179345387571,0.3312376184380349
amazon,51,1480,hamming_quantile,718,0.9972222222222222,0.989179345387571,0.2233442782899999
amazon,51,1480,real_quantile,718,0.9972222222222222,0.989179345387571,0.4909027357913723
amazon,51,1480,random_quantile,718,0.9972222222222222,0.989179345387571,1.002685551708403
amazon,51,1480,ordered_quantile,718,0.9972222222222222,0.989179345387571,0.1536961798795417
amazon,52,329,old_annuli,637,0.8847222222222222,0.7211414950883007,0.2485278533385325
amazon,52,329,hamming_quantile,637,0.8847222222222222,0.7211414950883007,0.2515221406960695
amazon,52,329,real_quantile,637,0.8847222222222222,0.7211414950883007,0.6143949398629281
amazon,52,329,random_quantile,637,0.8847222222222222,0.7211414950883007,1.0072360716803648
amazon,52,329,ordered_quantile,637,0.8847222222222222,0.7211414950883007,0.179245778542055
amazon,53,712,old_annuli,720,1.0,1.0,0.5348875449959639
amazon,53,712,hamming_quantile,720,1.0,1.0,0.2513191311898405
amazon,53,712,real_quantile,720,1.0,1.0,0.4439288327736059
amazon,53,712,random_quantile,720,1.0,1.0,0.998757124409735
amazon,53,712,ordered_quantile,720,1.0,1.0,0.206350516258406
amazon,54,153,old_annuli,720,1.0,1.0,0.9927992894282096
amazon,54,153,hamming_quantile,720,1.0,1.0,0.360264394695187
amazon,54,153,real_quantile,720,1.0,1.0,0.4904337159575476
amazon,54,153,random_quantile,720,1.0,1.0,1.000580295625349
amazon,54,153,ordered_quantile,720,1.0,1.0,0.3368959070088068
amazon,55,430,old_annuli,720,1.0,1.0,0.9617094060561104
amazon,55,430,hamming_quantile,720,1.0,1.0,0.3276497698011832
amazon,55,430,real_quantile,720,1.0,1.0,0.3900018842376122
amazon,55,430,random_quantile,720,1.0,1.0,0.9994954327573694
amazon,55,430,ordered_quantile,720,1.0,1.0,0.304620981703641
amazon,56,964,old_annuli,720,1.0,1.0,0.8594994521653255
amazon,56,964,hamming_quantile,720,1.0,1.0,0.4164710978775763
amazon,56,964,real_quantile,720,1.0,1.0,0.4421328254809267
amazon,56,964,random_quantile,720,1.0,1.0,0.9965980344577925
amazon,56,964,ordered_quantile,720,1.0,1.0,0.3912204346324709
amazon,57,1372,old_annuli,645,0.8958333333333334,0.7405732562377173,0.2729780417312383
amazon,57,1372,hamming_quantile,645,0.8958333333333334,0.7405732562377173,0.2192669517082917
amazon,57,1372,real_quantile,645,0.8958333333333334,0.7405732562377173,0.4576098637817095
amazon,57,1372,random_quantile,645,0.8958333333333334,0.7405732562377173,1.0062368442257845
amazon,57,1372,ordered_quantile,645,0.8958333333333334,0.7405732562377173,0.1423615717005659
amazon,58,741,old_annuli,697,0.9680555555555556,0.9949005582212986,0.3358790454612742
amazon,58,741,hamming_quantile,697,0.9680555555555556,0.9949005582212986,0.2816216447671373
amazon,58,741,real_quantile,697,0.9680555555555556,0.9949005582212986,0.5777026380666554
amazon,58,741,random_quantile,697,0.9680555555555556,0.9949005582212986,0.9954124235980935
amazon,58,741,ordered_quantile,697,0.9680555555555556,0.9949005582212986,0.2493247744721076
amazon,59,151,old_annuli,720,1.0,1.0,0.9357683735128168
amazon,59,151,hamming_quantile,720,1.0,1.0,0.3884174348219446
amazon,59,151,real_quantile,720,1.0,1.0,0.4717865857473358
amazon,59,151,random_quantile,720,1.0,1.0,1.0041021507941168
amazon,59,151,ordered_quantile,720,1.0,1.0,0.3532802026433436
amazon,60,99,old_annuli,720,1.0,1.0,0.4729567448463674
amazon,60,99,hamming_quantile,720,1.0,1.0,0.2720222654907854
amazon,60,99,real_quantile,720,1.0,1.0,0.4836868846649972
amazon,60,99,random_quantile,720,1.0,1.0,0.9920062939080022
amazon,60,99,ordered_quantile,720,1.0,1.0,0.241230044837035
amazon,61,1394,old_annuli,691,0.9597222222222224,0.9263382332902368,0.2022300380518453
amazon,61,1394,hamming_quantile,691,0.9597222222222224,0.9263382332902368,0.2351588993625882
amazon,61,1394,real_quantile,691,0.9597222222222224,0.9263382332902368,0.519533481202848
amazon,61,1394,random_quantile,691,0.9597222222222224,0.9263382332902368,1.0065524424860706
amazon,61,1394,ordered_quantile,691,0.9597222222222224,0.9263382332902368,0.1768500206788767
amazon,62,731,old_annuli,601,0.8347222222222223,0.5949737088184113,0.4322865377808546
amazon,62,731,hamming_quantile,601,0.8347222222222223,0.5949737088184113,0.4032735638230431
amazon,62,731,real_quantile,601,0.8347222222222223,0.5949737088184113,0.664498509216325
amazon,62,731,random_quantile,601,0.8347222222222223,0.5949737088184113,1.0023238454443948
amazon,62,731,ordered_quantile,601,0.8347222222222223,0.5949737088184113,0.1424740429495775
amazon,63,459,old_annuli,720,1.0,1.0,0.8922694546449278
amazon,63,459,hamming_quantile,720,1.0,1.0,0.3551497839786727
amazon,63,459,real_quantile,720,1.0,1.0,0.395220638743904
amazon,63,459,random_quantile,720,1.0,1.0,1.0005147383030966
amazon,63,459,ordered_quantile,720,1.0,1.0,0.3411617231475641
amazon,64,35,old_annuli,720,1.0,1.0,0.5138551771923537
amazon,64,35,hamming_quantile,720,1.0,1.0,0.2833201326490634
amazon,64,35,real_quantile,720,1.0,1.0,0.3860819571973428
amazon,64,35,random_quantile,720,1.0,1.0,1.0015143492657814
amazon,64,35,ordered_quantile,720,1.0,1.0,0.2420851899287484
amazon,65,1093,old_annuli,719,0.9986111111111112,0.9986400829462068,0.3022656974628879
amazon,65,1093,hamming_quantile,719,0.9986111111111112,0.9986400829462068,0.2177245108746526
amazon,65,1093,real_quantile,719,0.9986111111111112,0.9986400829462068,0.4477803431054303
amazon,65,1093,random_quantile,719,0.9986111111111112,0.9986400829462068,0.9979716166274223
amazon,65,1093,ordered_quantile,719,0.9986111111111112,0.9986400829462068,0.1578993611778581
amazon,66,572,old_annuli,653,0.9069444444444444,0.7479798594994177,0.2382924855388363
amazon,66,572,hamming_quantile,653,0.9069444444444444,0.7479798594994177,0.3146183030536269
amazon,66,572,real_quantile,653,0.9069444444444444,0.7479798594994177,0.5839050876661633
amazon,66,572,random_quantile,653,0.9069444444444444,0.7479798594994177,1.0054436664499957
amazon,66,572,ordered_quantile,653,0.9069444444444444,0.7479798594994177,0.1923011077820842
amazon,67,226,old_annuli,720,1.0,1.0,0.4096135459666788
amazon,67,226,hamming_quantile,720,1.0,1.0,0.2976126787181991
amazon,67,226,real_quantile,720,1.0,1.0,0.4756682828078414
amazon,67,226,random_quantile,720,1.0,1.0,1.001113254924389
amazon,67,226,ordered_quantile,720,1.0,1.0,0.2629518480689941
amazon,68,217,old_annuli,622,0.8638888888888889,0.7147891127311413,0.329599977589237
amazon,68,217,hamming_quantile,622,0.8638888888888889,0.7147891127311413,0.2914951742234571
amazon,68,217,real_quantile,622,0.8638888888888889,0.7147891127311413,0.5020814520688961
amazon,68,217,random_quantile,622,0.8638888888888889,0.7147891127311413,0.9965459297498652
amazon,68,217,ordered_quantile,622,0.8638888888888889,0.7147891127311413,0.1467746841194683
amazon,69,834,old_annuli,720,1.0,1.0,0.3411006884115335
amazon,69,834,hamming_quantile,720,1.0,1.0,0.2469127552407607
amazon,69,834,real_quantile,720,1.0,1.0,0.5238720784863337
amazon,69,834,random_quantile,720,1.0,1.0,1.003621218134425
amazon,69,834,ordered_quantile,720,1.0,1.0,0.1860034925006426
amazon,70,392,old_annuli,662,0.9194444444444444,0.9877365269758792,0.3314117025382452
amazon,70,392,hamming_quantile,662,0.9194444444444444,0.9877365269758792,0.2523699606177428
amazon,70,392,real_quantile,662,0.9194444444444444,0.9877365269758792,0.3378468027391478
amazon,70,392,random_quantile,662,0.9194444444444444,0.9877365269758792,0.9989562804432387
amazon,70,392,ordered_quantile,662,0.9194444444444444,0.9877365269758792,0.205199111561031
amazon,71,864,old_annuli,685,0.9513888888888888,0.8875917610520934,0.2686866174525224
amazon,71,864,hamming_quantile,685,0.9513888888888888,0.8875917610520934,0.2487252813597132
amazon,71,864,real_quantile,685,0.9513888888888888,0.8875917610520934,0.4861081956489194
amazon,71,864,random_quantile,685,0.9513888888888888,0.8875917610520934,1.006460754968058
amazon,71,864,ordered_quantile,685,0.9513888888888888,0.8875917610520934,0.1869585269355975
amazon,72,1369,old_annuli,639,0.8875,0.7426302526223459,0.3208066280926136
amazon,72,1369,hamming_quantile,639,0.8875,0.7426302526223459,0.2520007342739498
amazon,72,1369,real_quantile,639,0.8875,0.7426302526223459,0.3024473352327099
amazon,72,1369,random_quantile,639,0.8875,0.7426302526223459,1.0053170753328682
amazon,72,1369,ordered_quantile,639,0.8875,0.7426302526223459,0.1596685083116636
amazon,73,681,old_annuli,709,0.9847222222222224,0.9224495690265164,0.34090407896139
amazon,73,681,hamming_quantile,709,0.9847222222222224,0.9224495690265164,0.2234902490529914
amazon,73,681,real_quantile,709,0.9847222222222224,0.9224495690265164,0.5748708732548198
amazon,73,681,random_quantile,709,0.9847222222222224,0.9224495690265164,1.0084391171952403
amazon,73,681,ordered_quantile,709,0.9847222222222224,0.9224495690265164,0.1571468733800468
amazon,74,1261,old_annuli,720,1.0,1.0,0.8231936322747354
amazon,74,1261,hamming_quantile,720,1.0,1.0,0.3089636112440121
amazon,74,1261,real_quantile,720,1.0,1.0,0.3742620380087995
amazon,74,1261,random_quantile,720,1.0,1.0,1.0019591167875044
amazon,74,1261,ordered_quantile,720,1.0,1.0,0.2573299616433697
amazon,75,940,old_annuli,720,1.0,1.0,0.958045759109578
amazon,75,940,hamming_quantile,720,1.0,1.0,0.3201534723850939
amazon,75,940,real_quantile,720,1.0,1.0,0.3938256629783533
amazon,75,940,random_quantile,720,1.0,1.0,1.0018376798870476
amazon,75,940,ordered_quantile,720,1.0,1.0,0.2932908506062179
amazon,76,1172,old_annuli,687,0.9541666666666668,0.9263656019523188,0.2739936292162633
amazon,76,1172,hamming_quantile,687,0.9541666666666668,0.9263656019523188,0.2274508635495763
amazon,76,1172,real_quantile,687,0.9541666666666668,0.9263656019523188,0.4263286164744903
amazon,76,1172,random_quantile,687,0.9541666666666668,0.9263656019523188,1.0030047981065677
amazon,76,1172,ordered_quantile,687,0.9541666666666668,0.9263656019523188,0.0993743524110733
amazon,77,442,old_annuli,720,1.0,1.0,0.9462582156062151
amazon,77,442,hamming_quantile,720,1.0,1.0,0.3562798411561929
amazon,77,442,real_quantile,720,1.0,1.0,0.3776613828126618
amazon,77,442,random_quantile,720,1.0,1.0,1.0026794962309657
amazon,77,442,ordered_quantile,720,1.0,1.0,0.3420217705605473
amazon,78,755,old_annuli,657,0.9125,0.7900074958377925,0.3806742261742837
amazon,78,755,hamming_quantile,657,0.9125,0.7900074958377925,0.2604848396203819
amazon,78,755,real_quantile,657,0.9125,0.7900074958377925,0.3296478573810771
amazon,78,755,random_quantile,657,0.9125,0.7900074958377925,1.0027723063495155
amazon,78,755,ordered_quantile,657,0.9125,0.7900074958377925,0.2012478039627966
amazon,79,554,old_annuli,662,0.9194444444444444,0.9895988250856154,1.003968455664791
amazon,79,554,hamming_quantile,662,0.9194444444444444,0.9895988250856154,0.9301708305970984
amazon,79,554,real_quantile,662,0.9194444444444444,0.9895988250856154,0.9302202765032084
amazon,79,554,random_quantile,662,0.9194444444444444,0.9895988250856154,0.9878685818042827
amazon,79,554,ordered_quantile,662,0.9194444444444444,0.9895988250856154,0.9301534366675211
